game_index,seed,score_0,score_1,score_2,score_3,winner,num_legs,num_turns,agent_seat_0,agent_seat_1,agent_seat_2,agent_seat_3,focal_seat
0,0,35,2,34,0,0,5,106,GreedyAgent,RandomAgent,RandomAgent,RandomAgent,0
1,1,4,46,30,22,1,5,87,RandomAgent,GreedyAgent,RandomAgent,RandomAgent,1
2,2,39,14,52,20,2,7,171,RandomAgent,RandomAgent,GreedyAgent,RandomAgent,2
3,3,10,23,5,52,3,4,90,RandomAgent,RandomAgent,RandomAgent,GreedyAgent,3
4,4,53,13,7,23,0,6,142,GreedyAgent,RandomAgent,RandomAgent,RandomAgent,0
5,5,0,42,20,10,1,5,116,RandomAgent,GreedyAgent,RandomAgent,RandomAgent,1
6,6,12,17,63,17,2,6,139,RandomAgent,RandomAgent,GreedyAgent,RandomAgent,2
7,7,25,10,10,55,3,6,143,RandomAgent,RandomAgent,RandomAgent,GreedyAgent,3
8,8,55,1,24,9,0,5,116,GreedyAgent,RandomAgent,RandomAgent,RandomAgent,0
9,9,30,43,8,4,1,5,115,RandomAgent,GreedyAgent,RandomAgent,RandomAgent,1
10,10,17,16,52,20,2,6,136,RandomAgent,RandomAgent,GreedyAgent,RandomAgent,2
11,11,0,10,9,52,3,5,101,RandomAgent,RandomAgent,RandomAgent,GreedyAgent,3
12,12,56,19,0,22,0,6,137,GreedyAgent,RandomAgent,RandomAgent,RandomAgent,0
13,13,10,41,6,8,1,4,109,RandomAgent,GreedyAgent,RandomAgent,RandomAgent,1
14,14,11,7,39,16,2,5,109,RandomAgent,RandomAgent,GreedyAgent,RandomAgent,2
15,15,5,7,6,52,3,5,130,RandomAgent,RandomAgent,RandomAgent,GreedyAgent,3
16,16,51,27,4,3,0,6,131,GreedyAgent,RandomAgent,RandomAgent,RandomAgent,0
17,17,22,52,17,9,1,6,133,RandomAgent,GreedyAgent,RandomAgent,RandomAgent,1
18,18,13,4,47,7,2,5,109,RandomAgent,RandomAgent,GreedyAgent,RandomAgent,2
19,19,2,19,9,51,3,5,130,RandomAgent,RandomAgent,RandomAgent,GreedyAgent,3
20,20,66,8,10,26,0,6,160,GreedyAgent,RandomAgent,RandomAgent,RandomAgent,0
21,21,13,50,22,13,1,5,120,RandomAgent,GreedyAgent,RandomAgent,RandomAgent,1
22,22,19,4,37,0,2,4,82,RandomAgent,RandomAgent,GreedyAgent,RandomAgent,2
23,23,17,5,10,52,3,5,124,RandomAgent,RandomAgent,RandomAgent,GreedyAgent,3
24,24,35,19,27,5,0,4,87,GreedyAgent,RandomAgent,RandomAgent,RandomAgent,0
25,25,2,51,23,21,1,6,125,RandomAgent,GreedyAgent,RandomAgent,RandomAgent,1
26,26,9,11,54,13,2,5,129,RandomAgent,RandomAgent,GreedyAgent,RandomAgent,2
27,27,4,15,14,39,3,4,93,RandomAgent,RandomAgent,RandomAgent,GreedyAgent,3
28,28,23,20,3,9,0,4,91,GreedyAgent,RandomAgent,RandomAgent,RandomAgent,0
29,29,3,56,14,13,1,6,157,RandomAgent,GreedyAgent,RandomAgent,RandomAgent,1
30,30,23,4,32,19,2,6,144,RandomAgent,RandomAgent,GreedyAgent,RandomAgent,2
31,31,13,3,8,45,3,3,82,RandomAgent,RandomAgent,RandomAgent,GreedyAgent,3
32,32,36,0,1,41,3,4,105,GreedyAgent,RandomAgent,RandomAgent,RandomAgent,0
33,33,18,42,8,13,1,5,123,RandomAgent,GreedyAgent,RandomAgent,RandomAgent,1
34,34,2,12,35,9,2,4,101,RandomAgent,RandomAgent,GreedyAgent,RandomAgent,2
35,35,2,0,5,63,3,6,156,RandomAgent,RandomAgent,RandomAgent,GreedyAgent,3
36,36,31,11,20,14,0,4,103,GreedyAgent,RandomAgent,RandomAgent,RandomAgent,0
37,37,11,43,12,17,1,3,81,RandomAgent,GreedyAgent,RandomAgent,RandomAgent,1
38,38,9,15,74,17,2,6,132,RandomAgent,RandomAgent,GreedyAgent,RandomAgent,2
39,39,0,16,18,58,3,5,136,RandomAgent,RandomAgent,RandomAgent,GreedyAgent,3
40,40,46,17,0,9,0,5,117,GreedyAgent,RandomAgent,RandomAgent,RandomAgent,0
41,41,9,51,31,21,1,7,151,RandomAgent,GreedyAgent,RandomAgent,RandomAgent,1
42,42,24,7,81,21,2,8,173,RandomAgent,RandomAgent,GreedyAgent,RandomAgent,2
43,43,3,17,26,72,3,6,139,RandomAgent,RandomAgent,RandomAgent,GreedyAgent,3
44,44,42,12,15,20,0,6,136,GreedyAgent,RandomAgent,RandomAgent,RandomAgent,0
45,45,16,46,14,13,1,5,123,RandomAgent,GreedyAgent,RandomAgent,RandomAgent,1
46,46,0,14,69,0,2,6,150,RandomAgent,RandomAgent,GreedyAgent,RandomAgent,2
47,47,13,5,6,66,3,6,161,RandomAgent,RandomAgent,RandomAgent,GreedyAgent,3
48,48,75,16,0,14,0,6,161,GreedyAgent,RandomAgent,RandomAgent,RandomAgent,0
49,49,18,33,17,19,1,5,90,RandomAgent,GreedyAgent,RandomAgent,RandomAgent,1
50,50,18,5,73,12,2,6,140,RandomAgent,RandomAgent,GreedyAgent,RandomAgent,2
51,51,12,0,1,62,3,5,114,RandomAgent,RandomAgent,RandomAgent,GreedyAgent,3
52,52,69,4,8,25,0,6,161,GreedyAgent,RandomAgent,RandomAgent,RandomAgent,0
53,53,11,70,0,1,1,7,195,RandomAgent,GreedyAgent,RandomAgent,RandomAgent,1
54,54,19,0,48,7,2,5,122,RandomAgent,RandomAgent,GreedyAgent,RandomAgent,2
55,55,4,7,5,44,3,3,90,RandomAgent,RandomAgent,RandomAgent,GreedyAgent,3
56,56,49,1,24,29,0,6,157,GreedyAgent,RandomAgent,RandomAgent,RandomAgent,0
57,57,6,36,6,10,1,4,89,RandomAgent,GreedyAgent,RandomAgent,RandomAgent,1
58,58,23,15,34,11,2,5,113,RandomAgent,RandomAgent,GreedyAgent,RandomAgent,2
59,59,0,9,9,59,3,6,150,RandomAgent,RandomAgent,RandomAgent,GreedyAgent,3
60,60,69,6,12,9,0,5,125,GreedyAgent,RandomAgent,RandomAgent,RandomAgent,0
61,61,4,36,31,7,1,5,95,RandomAgent,GreedyAgent,RandomAgent,RandomAgent,1
62,62,1,20,62,6,2,6,139,RandomAgent,RandomAgent,GreedyAgent,RandomAgent,2
63,63,8,9,2,81,3,7,178,RandomAgent,RandomAgent,RandomAgent,GreedyAgent,3
64,64,44,3,23,29,0,6,159,GreedyAgent,RandomAgent,RandomAgent,RandomAgent,0
65,65,19,38,4,15,1,4,114,RandomAgent,GreedyAgent,RandomAgent,RandomAgent,1
66,66,14,17,37,10,2,6,114,RandomAgent,RandomAgent,GreedyAgent,RandomAgent,2
67,67,8,21,12,56,3,6,143,RandomAgent,RandomAgent,RandomAgent,GreedyAgent,3
68,68,72,10,20,22,0,7,169,GreedyAgent,RandomAgent,RandomAgent,RandomAgent,0
69,69,20,71,11,0,1,6,139,RandomAgent,GreedyAgent,RandomAgent,RandomAgent,1
70,70,15,12,40,5,2,4,98,RandomAgent,RandomAgent,GreedyAgent,RandomAgent,2
71,71,10,11,28,63,3,7,166,RandomAgent,RandomAgent,RandomAgent,GreedyAgent,3
72,72,43,20,15,7,0,4,93,GreedyAgent,RandomAgent,RandomAgent,RandomAgent,0
73,73,9,64,15,20,1,7,170,RandomAgent,GreedyAgent,RandomAgent,RandomAgent,1
74,74,20,5,54,15,2,5,109,RandomAgent,RandomAgent,GreedyAgent,RandomAgent,2
75,75,1,10,19,47,3,6,113,RandomAgent,RandomAgent,RandomAgent,GreedyAgent,3
76,76,48,24,18,22,0,7,158,GreedyAgent,RandomAgent,RandomAgent,RandomAgent,0
77,77,18,67,5,6,1,6,166,RandomAgent,GreedyAgent,RandomAgent,RandomAgent,1
78,78,24,3,71,4,2,6,149,RandomAgent,RandomAgent,GreedyAgent,RandomAgent,2
79,79,12,22,18,21,1,4,90,RandomAgent,RandomAgent,RandomAgent,GreedyAgent,3
80,80,49,20,8,11,0,5,125,GreedyAgent,RandomAgent,RandomAgent,RandomAgent,0
81,81,10,31,21,25,1,5,137,RandomAgent,GreedyAgent,RandomAgent,RandomAgent,1
82,82,10,18,61,6,2,5,135,RandomAgent,RandomAgent,GreedyAgent,RandomAgent,2
83,83,8,3,21,61,3,5,115,RandomAgent,RandomAgent,RandomAgent,GreedyAgent,3
84,84,51,3,19,5,0,5,119,GreedyAgent,RandomAgent,RandomAgent,RandomAgent,0
85,85,14,64,7,0,1,5,113,RandomAgent,GreedyAgent,RandomAgent,RandomAgent,1
86,86,1,7,62,18,2,5,125,RandomAgent,RandomAgent,GreedyAgent,RandomAgent,2
87,87,6,3,0,61,3,5,124,RandomAgent,RandomAgent,RandomAgent,GreedyAgent,3
88,88,85,3,18,17,0,7,169,GreedyAgent,RandomAgent,RandomAgent,RandomAgent,0
89,89,22,65,0,31,1,6,134,RandomAgent,GreedyAgent,RandomAgent,RandomAgent,1
90,90,2,19,87,20,2,8,200,RandomAgent,RandomAgent,GreedyAgent,RandomAgent,2
91,91,4,19,4,49,3,5,116,RandomAgent,RandomAgent,RandomAgent,GreedyAgent,3
92,92,35,6,15,25,0,4,78,GreedyAgent,RandomAgent,RandomAgent,RandomAgent,0
93,93,21,68,7,6,1,6,146,RandomAgent,GreedyAgent,RandomAgent,RandomAgent,1
94,94,11,10,55,22,2,6,140,RandomAgent,RandomAgent,GreedyAgent,RandomAgent,2
95,95,0,25,4,50,3,4,110,RandomAgent,RandomAgent,RandomAgent,GreedyAgent,3
96,96,46,0,18,16,0,4,87,GreedyAgent,RandomAgent,RandomAgent,RandomAgent,0
97,97,14,40,12,26,1,5,107,RandomAgent,GreedyAgent,RandomAgent,RandomAgent,1
98,98,20,3,39,19,2,4,102,RandomAgent,RandomAgent,GreedyAgent,RandomAgent,2
99,99,9,5,4,33,3,4,86,RandomAgent,RandomAgent,RandomAgent,GreedyAgent,3
100,100,50,8,12,0,0,4,110,GreedyAgent,RandomAgent,RandomAgent,RandomAgent,0
101,101,3,29,8,4,1,3,83,RandomAgent,GreedyAgent,RandomAgent,RandomAgent,1
102,102,5,17,47,7,2,4,107,RandomAgent,RandomAgent,GreedyAgent,RandomAgent,2
103,103,19,15,10,47,3,5,113,RandomAgent,RandomAgent,RandomAgent,GreedyAgent,3
104,104,46,27,3,20,0,5,109,GreedyAgent,RandomAgent,RandomAgent,RandomAgent,0
105,105,12,21,6,20,1,3,79,RandomAgent,GreedyAgent,RandomAgent,RandomAgent,1
106,106,19,18,31,13,2,3,74,RandomAgent,RandomAgent,GreedyAgent,RandomAgent,2
107,107,19,12,23,23,tie,3,64,RandomAgent,RandomAgent,RandomAgent,GreedyAgent,3
108,108,76,13,7,24,0,6,143,GreedyAgent,RandomAgent,RandomAgent,RandomAgent,0
109,109,22,47,7,1,1,4,97,RandomAgent,GreedyAgent,RandomAgent,RandomAgent,1
110,110,19,9,42,0,2,5,129,RandomAgent,RandomAgent,GreedyAgent,RandomAgent,2
111,111,6,9,0,41,3,5,116,RandomAgent,RandomAgent,RandomAgent,GreedyAgent,3
112,112,43,28,24,15,0,6,115,GreedyAgent,RandomAgent,RandomAgent,RandomAgent,0
113,113,15,53,15,13,1,5,129,RandomAgent,GreedyAgent,RandomAgent,RandomAgent,1
114,114,19,13,61,4,2,6,137,RandomAgent,RandomAgent,GreedyAgent,RandomAgent,2
115,115,4,13,17,61,3,5,122,RandomAgent,RandomAgent,RandomAgent,GreedyAgent,3
116,116,38,23,0,12,0,5,132,GreedyAgent,RandomAgent,RandomAgent,RandomAgent,0
117,117,22,39,5,21,1,6,145,RandomAgent,GreedyAgent,RandomAgent,RandomAgent,1
118,118,18,6,42,7,2,5,96,RandomAgent,RandomAgent,GreedyAgent,RandomAgent,2
119,119,9,1,11,41,3,4,96,RandomAgent,RandomAgent,RandomAgent,GreedyAgent,3
120,120,63,14,9,8,0,6,156,GreedyAgent,RandomAgent,RandomAgent,RandomAgent,0
121,121,27,72,9,3,1,7,163,RandomAgent,GreedyAgent,RandomAgent,RandomAgent,1
122,122,0,0,45,18,2,5,115,RandomAgent,RandomAgent,GreedyAgent,RandomAgent,2
123,123,17,10,15,60,3,6,139,RandomAgent,RandomAgent,RandomAgent,GreedyAgent,3
124,124,40,11,0,20,0,4,101,GreedyAgent,RandomAgent,RandomAgent,RandomAgent,0
125,125,16,52,11,2,1,5,115,RandomAgent,GreedyAgent,RandomAgent,RandomAgent,1
126,126,9,7,45,14,2,4,111,RandomAgent,RandomAgent,GreedyAgent,RandomAgent,2
127,127,32,5,12,41,3,5,121,RandomAgent,RandomAgent,RandomAgent,GreedyAgent,3
128,128,64,1,6,10,0,6,159,GreedyAgent,RandomAgent,RandomAgent,RandomAgent,0
129,129,15,71,8,16,1,8,197,RandomAgent,GreedyAgent,RandomAgent,RandomAgent,1
130,130,20,17,38,19,2,5,124,RandomAgent,RandomAgent,GreedyAgent,RandomAgent,2
131,131,17,0,18,49,3,5,113,RandomAgent,RandomAgent,RandomAgent,GreedyAgent,3
132,132,40,4,17,7,0,4,82,GreedyAgent,RandomAgent,RandomAgent,RandomAgent,0
133,133,0,76,14,11,1,6,134,RandomAgent,GreedyAgent,RandomAgent,RandomAgent,1
134,134,18,0,32,11,2,5,101,RandomAgent,RandomAgent,GreedyAgent,RandomAgent,2
135,135,11,21,10,40,3,6,163,RandomAgent,RandomAgent,RandomAgent,GreedyAgent,3
136,136,27,14,14,7,0,4,95,GreedyAgent,RandomAgent,RandomAgent,RandomAgent,0
137,137,8,38,3,29,1,4,96,RandomAgent,GreedyAgent,RandomAgent,RandomAgent,1
138,138,8,0,44,16,2,5,133,RandomAgent,RandomAgent,GreedyAgent,RandomAgent,2
139,139,10,27,22,46,3,6,137,RandomAgent,RandomAgent,RandomAgent,GreedyAgent,3
140,140,51,5,4,1,0,5,133,GreedyAgent,RandomAgent,RandomAgent,RandomAgent,0
141,141,2,49,23,7,1,7,162,RandomAgent,GreedyAgent,RandomAgent,RandomAgent,1
142,142,0,8,65,12,2,5,127,RandomAgent,RandomAgent,GreedyAgent,RandomAgent,2
143,143,12,10,13,45,3,5,118,RandomAgent,RandomAgent,RandomAgent,GreedyAgent,3
144,144,43,27,17,18,0,7,158,GreedyAgent,RandomAgent,RandomAgent,RandomAgent,0
145,145,18,66,3,29,1,8,209,RandomAgent,GreedyAgent,RandomAgent,RandomAgent,1
146,146,10,15,47,4,2,5,118,RandomAgent,RandomAgent,GreedyAgent,RandomAgent,2
147,147,8,3,12,43,3,5,131,RandomAgent,RandomAgent,RandomAgent,GreedyAgent,3
148,148,24,4,0,16,0,2,62,GreedyAgent,RandomAgent,RandomAgent,RandomAgent,0
149,149,15,58,6,7,1,7,169,RandomAgent,GreedyAgent,RandomAgent,RandomAgent,1
150,150,3,14,35,9,2,4,115,RandomAgent,RandomAgent,GreedyAgent,RandomAgent,2
151,151,8,0,11,48,3,5,127,RandomAgent,RandomAgent,RandomAgent,GreedyAgent,3
152,152,51,10,16,13,0,6,142,GreedyAgent,RandomAgent,RandomAgent,RandomAgent,0
153,153,7,47,13,2,1,4,111,RandomAgent,GreedyAgent,RandomAgent,RandomAgent,1
154,154,26,5,55,27,2,7,152,RandomAgent,RandomAgent,GreedyAgent,RandomAgent,2
155,155,34,21,16,51,3,8,192,RandomAgent,RandomAgent,RandomAgent,GreedyAgent,3
156,156,36,21,14,34,0,6,140,GreedyAgent,RandomAgent,RandomAgent,RandomAgent,0
157,157,22,64,7,4,1,6,142,RandomAgent,GreedyAgent,RandomAgent,RandomAgent,1
158,158,9,4,56,8,2,5,132,RandomAgent,RandomAgent,GreedyAgent,RandomAgent,2
159,159,11,7,20,46,3,7,156,RandomAgent,RandomAgent,RandomAgent,GreedyAgent,3
160,160,44,17,5,14,0,4,103,GreedyAgent,RandomAgent,RandomAgent,RandomAgent,0
161,161,30,42,15,17,1,6,133,RandomAgent,GreedyAgent,RandomAgent,RandomAgent,1
162,162,4,20,64,12,2,6,135,RandomAgent,RandomAgent,GreedyAgent,RandomAgent,2
163,163,6,1,13,67,3,6,150,RandomAgent,RandomAgent,RandomAgent,GreedyAgent,3
164,164,42,0,19,4,0,5,119,GreedyAgent,RandomAgent,RandomAgent,RandomAgent,0
165,165,34,44,1,13,1,6,123,RandomAgent,GreedyAgent,RandomAgent,RandomAgent,1
166,166,8,15,67,14,2,5,118,RandomAgent,RandomAgent,GreedyAgent,RandomAgent,2
167,167,1,9,17,82,3,6,151,RandomAgent,RandomAgent,RandomAgent,GreedyAgent,3
168,168,52,13,10,6,0,5,119,GreedyAgent,RandomAgent,RandomAgent,RandomAgent,0
169,169,11,60,3,12,1,6,134,RandomAgent,GreedyAgent,RandomAgent,RandomAgent,1
170,170,17,13,54,6,2,5,118,RandomAgent,RandomAgent,GreedyAgent,RandomAgent,2
171,171,8,25,6,66,3,6,141,RandomAgent,RandomAgent,RandomAgent,GreedyAgent,3
172,172,58,7,7,1,0,5,133,GreedyAgent,RandomAgent,RandomAgent,RandomAgent,0
173,173,7,38,5,32,1,5,119,RandomAgent,GreedyAgent,RandomAgent,RandomAgent,1
174,174,3,1,74,15,2,6,154,RandomAgent,RandomAgent,GreedyAgent,RandomAgent,2
175,175,23,16,3,42,3,5,113,RandomAgent,RandomAgent,RandomAgent,GreedyAgent,3
176,176,62,4,21,12,0,5,126,GreedyAgent,RandomAgent,RandomAgent,RandomAgent,0
177,177,2,63,1,14,1,4,109,RandomAgent,GreedyAgent,RandomAgent,RandomAgent,1
178,178,7,8,48,20,2,5,111,RandomAgent,RandomAgent,GreedyAgent,RandomAgent,2
179,179,14,14,20,41,3,4,91,RandomAgent,RandomAgent,RandomAgent,GreedyAgent,3
180,180,67,21,7,25,0,7,165,GreedyAgent,RandomAgent,RandomAgent,RandomAgent,0
181,181,10,62,21,13,1,6,135,RandomAgent,GreedyAgent,RandomAgent,RandomAgent,1
182,182,12,14,48,1,2,4,102,RandomAgent,RandomAgent,GreedyAgent,RandomAgent,2
183,183,1,9,8,55,3,5,136,RandomAgent,RandomAgent,RandomAgent,GreedyAgent,3
184,184,55,12,22,3,0,5,118,GreedyAgent,RandomAgent,RandomAgent,RandomAgent,0
185,185,31,36,3,21,1,5,113,RandomAgent,GreedyAgent,RandomAgent,RandomAgent,1
186,186,1,5,79,10,2,6,155,RandomAgent,RandomAgent,GreedyAgent,RandomAgent,2
187,187,13,28,11,54,3,6,142,RandomAgent,RandomAgent,RandomAgent,GreedyAgent,3
188,188,52,11,14,25,0,5,107,GreedyAgent,RandomAgent,RandomAgent,RandomAgent,0
189,189,14,36,0,12,1,4,110,RandomAgent,GreedyAgent,RandomAgent,RandomAgent,1
190,190,20,13,36,22,2,5,130,RandomAgent,RandomAgent,GreedyAgent,RandomAgent,2
191,191,11,12,25,32,3,6,134,RandomAgent,RandomAgent,RandomAgent,GreedyAgent,3
192,192,53,22,7,7,0,6,121,GreedyAgent,RandomAgent,RandomAgent,RandomAgent,0
193,193,2,44,0,15,1,4,89,RandomAgent,GreedyAgent,RandomAgent,RandomAgent,1
194,194,4,21,65,0,2,5,122,RandomAgent,RandomAgent,GreedyAgent,RandomAgent,2
195,195,4,1,16,58,3,4,102,RandomAgent,RandomAgent,RandomAgent,GreedyAgent,3
196,196,48,0,15,24,0,5,118,GreedyAgent,RandomAgent,RandomAgent,RandomAgent,0
197,197,22,44,7,15,1,6,132,RandomAgent,GreedyAgent,RandomAgent,RandomAgent,1
198,198,0,7,82,13,2,7,155,RandomAgent,RandomAgent,GreedyAgent,RandomAgent,2
199,199,15,8,25,39,3,6,136,RandomAgent,RandomAgent,RandomAgent,GreedyAgent,3
200,200,50,0,24,0,0,5,124,GreedyAgent,RandomAgent,RandomAgent,RandomAgent,0
201,201,26,39,15,17,1,6,124,RandomAgent,GreedyAgent,RandomAgent,RandomAgent,1
202,202,13,17,59,1,2,6,146,RandomAgent,RandomAgent,GreedyAgent,RandomAgent,2
203,203,6,21,13,25,3,4,81,RandomAgent,RandomAgent,RandomAgent,GreedyAgent,3
204,204,53,9,30,0,0,6,133,GreedyAgent,RandomAgent,RandomAgent,RandomAgent,0
205,205,12,49,18,1,1,4,100,RandomAgent,GreedyAgent,RandomAgent,RandomAgent,1
206,206,22,5,42,13,2,5,120,RandomAgent,RandomAgent,GreedyAgent,RandomAgent,2
207,207,13,7,17,47,3,5,123,RandomAgent,RandomAgent,RandomAgent,GreedyAgent,3
208,208,58,2,3,14,0,5,117,GreedyAgent,RandomAgent,RandomAgent,RandomAgent,0
209,209,7,52,20,10,1,4,98,RandomAgent,GreedyAgent,RandomAgent,RandomAgent,1
210,210,6,14,26,40,3,5,126,RandomAgent,RandomAgent,GreedyAgent,RandomAgent,2
211,211,25,0,20,55,3,5,122,RandomAgent,RandomAgent,RandomAgent,GreedyAgent,3
212,212,59,8,8,2,0,6,151,GreedyAgent,RandomAgent,RandomAgent,RandomAgent,0
213,213,7,59,18,1,1,5,131,RandomAgent,GreedyAgent,RandomAgent,RandomAgent,1
214,214,0,9,37,16,2,3,98,RandomAgent,RandomAgent,GreedyAgent,RandomAgent,2
215,215,9,22,0,53,3,5,122,RandomAgent,RandomAgent,RandomAgent,GreedyAgent,3
216,216,51,21,4,6,0,4,93,GreedyAgent,RandomAgent,RandomAgent,RandomAgent,0
217,217,21,29,3,15,1,4,112,RandomAgent,GreedyAgent,RandomAgent,RandomAgent,1
218,218,4,31,63,21,2,7,151,RandomAgent,RandomAgent,GreedyAgent,RandomAgent,2
219,219,6,0,31,42,3,5,132,RandomAgent,RandomAgent,RandomAgent,GreedyAgent,3
220,220,75,4,11,9,0,7,169,GreedyAgent,RandomAgent,RandomAgent,RandomAgent,0
221,221,14,48,20,4,1,5,130,RandomAgent,GreedyAgent,RandomAgent,RandomAgent,1
222,222,10,7,51,17,2,4,103,RandomAgent,RandomAgent,GreedyAgent,RandomAgent,2
223,223,21,6,9,54,3,5,107,RandomAgent,RandomAgent,RandomAgent,GreedyAgent,3
224,224,59,5,6,10,0,6,149,GreedyAgent,RandomAgent,RandomAgent,RandomAgent,0
225,225,2,37,14,29,1,5,113,RandomAgent,GreedyAgent,RandomAgent,RandomAgent,1
226,226,0,14,51,15,2,5,110,RandomAgent,RandomAgent,GreedyAgent,RandomAgent,2
227,227,9,3,12,45,3,6,151,RandomAgent,RandomAgent,RandomAgent,GreedyAgent,3
228,228,48,5,24,5,0,5,114,GreedyAgent,RandomAgent,RandomAgent,RandomAgent,0
229,229,11,36,8,29,1,5,134,RandomAgent,GreedyAgent,RandomAgent,RandomAgent,1
230,230,27,4,36,2,2,4,109,RandomAgent,RandomAgent,GreedyAgent,RandomAgent,2
231,231,5,4,6,44,3,3,80,RandomAgent,RandomAgent,RandomAgent,GreedyAgent,3
232,232,41,12,13,8,0,4,96,GreedyAgent,RandomAgent,RandomAgent,RandomAgent,0
233,233,24,52,18,17,1,6,130,RandomAgent,GreedyAgent,RandomAgent,RandomAgent,1
234,234,0,5,63,3,2,6,133,RandomAgent,RandomAgent,GreedyAgent,RandomAgent,2
235,235,13,20,21,61,3,7,149,RandomAgent,RandomAgent,RandomAgent,GreedyAgent,3
236,236,58,0,8,8,0,5,113,GreedyAgent,RandomAgent,RandomAgent,RandomAgent,0
237,237,15,60,13,8,1,6,159,RandomAgent,GreedyAgent,RandomAgent,RandomAgent,1
238,238,20,3,42,7,2,6,136,RandomAgent,RandomAgent,GreedyAgent,RandomAgent,2
239,239,9,7,3,75,3,7,149,RandomAgent,RandomAgent,RandomAgent,GreedyAgent,3
240,240,52,14,3,15,0,6,140,GreedyAgent,RandomAgent,RandomAgent,RandomAgent,0
241,241,4,31,11,23,1,3,73,RandomAgent,GreedyAgent,RandomAgent,RandomAgent,1
242,242,9,17,47,27,2,6,150,RandomAgent,RandomAgent,GreedyAgent,RandomAgent,2
243,243,10,24,8,51,3,5,134,RandomAgent,RandomAgent,RandomAgent,GreedyAgent,3
244,244,40,12,20,15,0,5,123,GreedyAgent,RandomAgent,RandomAgent,RandomAgent,0
245,245,33,55,12,5,1,7,151,RandomAgent,GreedyAgent,RandomAgent,RandomAgent,1
246,246,28,16,52,11,2,6,136,RandomAgent,RandomAgent,GreedyAgent,RandomAgent,2
247,247,32,1,13,67,3,7,165,RandomAgent,RandomAgent,RandomAgent,GreedyAgent,3
248,248,52,13,3,12,0,6,144,GreedyAgent,RandomAgent,RandomAgent,RandomAgent,0
249,249,17,51,30,14,1,6,158,RandomAgent,GreedyAgent,RandomAgent,RandomAgent,1
250,250,19,18,27,0,2,4,97,RandomAgent,RandomAgent,GreedyAgent,RandomAgent,2
251,251,9,10,12,69,3,5,127,RandomAgent,RandomAgent,RandomAgent,GreedyAgent,3
252,252,61,7,0,29,0,5,131,GreedyAgent,RandomAgent,RandomAgent,RandomAgent,0
253,253,11,61,0,6,1,6,145,RandomAgent,GreedyAgent,RandomAgent,RandomAgent,1
254,254,9,24,71,5,2,7,154,RandomAgent,RandomAgent,GreedyAgent,RandomAgent,2
255,255,22,4,11,49,3,5,124,RandomAgent,RandomAgent,RandomAgent,GreedyAgent,3
256,256,54,0,0,18,0,5,130,GreedyAgent,RandomAgent,RandomAgent,RandomAgent,0
257,257,14,50,13,15,1,5,114,RandomAgent,GreedyAgent,RandomAgent,RandomAgent,1
258,258,2,22,36,10,2,4,87,RandomAgent,RandomAgent,GreedyAgent,RandomAgent,2
259,259,17,9,5,56,3,4,99,RandomAgent,RandomAgent,RandomAgent,GreedyAgent,3
260,260,38,0,16,14,0,4,92,GreedyAgent,RandomAgent,RandomAgent,RandomAgent,0
261,261,11,72,16,1,1,6,139,RandomAgent,GreedyAgent,RandomAgent,RandomAgent,1
262,262,17,16,38,0,2,5,117,RandomAgent,RandomAgent,GreedyAgent,RandomAgent,2
263,263,28,15,10,32,3,6,127,RandomAgent,RandomAgent,RandomAgent,GreedyAgent,3
264,264,40,10,15,2,0,4,106,GreedyAgent,RandomAgent,RandomAgent,RandomAgent,0
265,265,17,27,22,18,1,5,112,RandomAgent,GreedyAgent,RandomAgent,RandomAgent,1
266,266,23,3,58,16,2,5,108,RandomAgent,RandomAgent,GreedyAgent,RandomAgent,2
267,267,18,4,0,44,3,4,106,RandomAgent,RandomAgent,RandomAgent,GreedyAgent,3
268,268,66,10,8,10,0,6,150,GreedyAgent,RandomAgent,RandomAgent,RandomAgent,0
269,269,21,32,5,30,1,5,125,RandomAgent,GreedyAgent,RandomAgent,RandomAgent,1
270,270,4,9,43,20,2,4,84,RandomAgent,RandomAgent,GreedyAgent,RandomAgent,2
271,271,5,15,19,41,3,5,106,RandomAgent,RandomAgent,RandomAgent,GreedyAgent,3
272,272,70,27,1,3,0,5,128,GreedyAgent,RandomAgent,RandomAgent,RandomAgent,0
273,273,19,50,7,19,1,6,128,RandomAgent,GreedyAgent,RandomAgent,RandomAgent,1
274,274,2,18,66,9,2,6,140,RandomAgent,RandomAgent,GreedyAgent,RandomAgent,2
275,275,6,16,10,59,3,5,117,RandomAgent,RandomAgent,RandomAgent,GreedyAgent,3
276,276,29,21,6,13,0,4,110,GreedyAgent,RandomAgent,RandomAgent,RandomAgent,0
277,277,5,49,5,9,1,4,102,RandomAgent,GreedyAgent,RandomAgent,RandomAgent,1
278,278,2,12,67,16,2,6,122,RandomAgent,RandomAgent,GreedyAgent,RandomAgent,2
279,279,1,23,1,68,3,7,168,RandomAgent,RandomAgent,RandomAgent,GreedyAgent,3
280,280,38,13,20,3,0,5,117,GreedyAgent,RandomAgent,RandomAgent,RandomAgent,0
281,281,13,79,14,21,1,7,167,RandomAgent,GreedyAgent,RandomAgent,RandomAgent,1
282,282,11,14,56,0,2,6,143,RandomAgent,RandomAgent,GreedyAgent,RandomAgent,2
283,283,1,11,20,49,3,5,120,RandomAgent,RandomAgent,RandomAgent,GreedyAgent,3
284,284,40,28,0,21,0,5,120,GreedyAgent,RandomAgent,RandomAgent,RandomAgent,0
285,285,13,52,25,1,1,6,139,RandomAgent,GreedyAgent,RandomAgent,RandomAgent,1
286,286,22,10,50,0,2,5,127,RandomAgent,RandomAgent,GreedyAgent,RandomAgent,2
287,287,8,13,21,51,3,5,129,RandomAgent,RandomAgent,RandomAgent,GreedyAgent,3
288,288,55,2,19,15,0,5,126,GreedyAgent,RandomAgent,RandomAgent,RandomAgent,0
289,289,4,54,8,23,1,5,126,RandomAgent,GreedyAgent,RandomAgent,RandomAgent,1
290,290,16,6,65,0,2,5,140,RandomAgent,RandomAgent,GreedyAgent,RandomAgent,2
291,291,15,20,24,50,3,6,151,RandomAgent,RandomAgent,RandomAgent,GreedyAgent,3
292,292,48,10,12,7,0,4,103,GreedyAgent,RandomAgent,RandomAgent,RandomAgent,0
293,293,20,64,18,20,1,9,213,RandomAgent,GreedyAgent,RandomAgent,RandomAgent,1
294,294,10,18,48,19,2,6,130,RandomAgent,RandomAgent,GreedyAgent,RandomAgent,2
295,295,9,25,16,66,3,7,164,RandomAgent,RandomAgent,RandomAgent,GreedyAgent,3
296,296,48,0,28,29,0,6,155,GreedyAgent,RandomAgent,RandomAgent,RandomAgent,0
297,297,23,58,12,6,1,6,133,RandomAgent,GreedyAgent,RandomAgent,RandomAgent,1
298,298,14,6,54,10,2,4,109,RandomAgent,RandomAgent,GreedyAgent,RandomAgent,2
299,299,15,21,12,42,3,6,139,RandomAgent,RandomAgent,RandomAgent,GreedyAgent,3
300,300,46,10,15,9,0,6,151,GreedyAgent,RandomAgent,RandomAgent,RandomAgent,0
301,301,1,49,22,23,1,5,128,RandomAgent,GreedyAgent,RandomAgent,RandomAgent,1
302,302,22,24,43,6,2,6,147,RandomAgent,RandomAgent,GreedyAgent,RandomAgent,2
303,303,19,22,12,50,3,7,171,RandomAgent,RandomAgent,RandomAgent,GreedyAgent,3
304,304,27,11,5,5,0,3,58,GreedyAgent,RandomAgent,RandomAgent,RandomAgent,0
305,305,14,33,14,6,1,3,72,RandomAgent,GreedyAgent,RandomAgent,RandomAgent,1
306,306,11,33,43,4,2,6,135,RandomAgent,RandomAgent,GreedyAgent,RandomAgent,2
307,307,16,14,16,48,3,5,121,RandomAgent,RandomAgent,RandomAgent,GreedyAgent,3
308,308,64,8,9,11,0,6,138,GreedyAgent,RandomAgent,RandomAgent,RandomAgent,0
309,309,15,34,0,11,1,4,89,RandomAgent,GreedyAgent,RandomAgent,RandomAgent,1
310,310,19,7,48,13,2,6,134,RandomAgent,RandomAgent,GreedyAgent,RandomAgent,2
311,311,16,25,1,31,3,5,112,RandomAgent,RandomAgent,RandomAgent,GreedyAgent,3
312,312,33,16,23,10,0,5,120,GreedyAgent,RandomAgent,RandomAgent,RandomAgent,0
313,313,2,77,10,17,1,7,167,RandomAgent,GreedyAgent,RandomAgent,RandomAgent,1
314,314,1,6,47,16,2,4,112,RandomAgent,RandomAgent,GreedyAgent,RandomAgent,2
315,315,15,5,17,50,3,5,107,RandomAgent,RandomAgent,RandomAgent,GreedyAgent,3
316,316,49,21,21,14,0,5,107,GreedyAgent,RandomAgent,RandomAgent,RandomAgent,0
317,317,10,80,5,14,1,7,170,RandomAgent,GreedyAgent,RandomAgent,RandomAgent,1
318,318,17,12,46,3,2,6,122,RandomAgent,RandomAgent,GreedyAgent,RandomAgent,2
319,319,4,9,15,42,3,4,111,RandomAgent,RandomAgent,RandomAgent,GreedyAgent,3
320,320,50,22,3,11,0,5,121,GreedyAgent,RandomAgent,RandomAgent,RandomAgent,0
321,321,9,63,3,5,1,6,141,RandomAgent,GreedyAgent,RandomAgent,RandomAgent,1
322,322,21,19,41,0,2,4,81,RandomAgent,RandomAgent,GreedyAgent,RandomAgent,2
323,323,19,6,5,43,3,7,153,RandomAgent,RandomAgent,RandomAgent,GreedyAgent,3
324,324,43,18,16,2,0,6,147,GreedyAgent,RandomAgent,RandomAgent,RandomAgent,0
325,325,15,64,17,30,1,9,214,RandomAgent,GreedyAgent,RandomAgent,RandomAgent,1
326,326,9,6,43,19,2,4,103,RandomAgent,RandomAgent,GreedyAgent,RandomAgent,2
327,327,12,7,28,38,3,5,124,RandomAgent,RandomAgent,RandomAgent,GreedyAgent,3
328,328,55,4,14,11,0,5,133,GreedyAgent,RandomAgent,RandomAgent,RandomAgent,0
329,329,21,53,16,0,1,6,154,RandomAgent,GreedyAgent,RandomAgent,RandomAgent,1
330,330,30,19,38,18,2,6,128,RandomAgent,RandomAgent,GreedyAgent,RandomAgent,2
331,331,21,7,25,30,3,5,124,RandomAgent,RandomAgent,RandomAgent,GreedyAgent,3
332,332,44,24,19,0,0,4,100,GreedyAgent,RandomAgent,RandomAgent,RandomAgent,0
333,333,3,73,11,33,1,8,190,RandomAgent,GreedyAgent,RandomAgent,RandomAgent,1
334,334,15,20,37,3,2,6,131,RandomAgent,RandomAgent,GreedyAgent,RandomAgent,2
335,335,18,22,11,59,3,7,169,RandomAgent,RandomAgent,RandomAgent,GreedyAgent,3
336,336,47,4,3,9,0,4,86,GreedyAgent,RandomAgent,RandomAgent,RandomAgent,0
337,337,1,29,12,24,1,5,101,RandomAgent,GreedyAgent,RandomAgent,RandomAgent,1
338,338,4,0,79,5,2,6,149,RandomAgent,RandomAgent,GreedyAgent,RandomAgent,2
339,339,3,15,12,46,3,4,98,RandomAgent,RandomAgent,RandomAgent,GreedyAgent,3
340,340,64,10,22,35,0,9,212,GreedyAgent,RandomAgent,RandomAgent,RandomAgent,0
341,341,21,33,10,15,1,6,145,RandomAgent,GreedyAgent,RandomAgent,RandomAgent,1
342,342,21,18,61,6,2,6,134,RandomAgent,RandomAgent,GreedyAgent,RandomAgent,2
343,343,9,26,22,58,3,6,130,RandomAgent,RandomAgent,RandomAgent,GreedyAgent,3
344,344,62,18,7,0,0,6,147,GreedyAgent,RandomAgent,RandomAgent,RandomAgent,0
345,345,17,54,2,28,1,5,114,RandomAgent,GreedyAgent,RandomAgent,RandomAgent,1
346,346,7,2,67,15,2,6,131,RandomAgent,RandomAgent,GreedyAgent,RandomAgent,2
347,347,2,23,3,53,3,6,110,RandomAgent,RandomAgent,RandomAgent,GreedyAgent,3
348,348,35,2,9,15,0,4,104,GreedyAgent,RandomAgent,RandomAgent,RandomAgent,0
349,349,14,75,13,2,1,6,137,RandomAgent,GreedyAgent,RandomAgent,RandomAgent,1
350,350,0,14,38,9,2,4,93,RandomAgent,RandomAgent,GreedyAgent,RandomAgent,2
351,351,15,4,3,45,3,5,103,RandomAgent,RandomAgent,RandomAgent,GreedyAgent,3
352,352,34,40,16,0,1,5,131,GreedyAgent,RandomAgent,RandomAgent,RandomAgent,0
353,353,0,40,10,10,1,4,92,RandomAgent,GreedyAgent,RandomAgent,RandomAgent,1
354,354,9,14,48,7,2,4,93,RandomAgent,RandomAgent,GreedyAgent,RandomAgent,2
355,355,13,1,4,53,3,5,126,RandomAgent,RandomAgent,RandomAgent,GreedyAgent,3
356,356,51,24,1,19,0,6,131,GreedyAgent,RandomAgent,RandomAgent,RandomAgent,0
357,357,11,42,6,3,1,5,129,RandomAgent,GreedyAgent,RandomAgent,RandomAgent,1
358,358,0,12,33,7,2,3,83,RandomAgent,RandomAgent,GreedyAgent,RandomAgent,2
359,359,18,25,30,53,3,6,140,RandomAgent,RandomAgent,RandomAgent,GreedyAgent,3
360,360,40,21,21,6,0,6,145,GreedyAgent,RandomAgent,RandomAgent,RandomAgent,0
361,361,9,30,16,20,1,4,85,RandomAgent,GreedyAgent,RandomAgent,RandomAgent,1
362,362,15,10,38,12,2,5,107,RandomAgent,RandomAgent,GreedyAgent,RandomAgent,2
363,363,16,6,24,41,3,5,115,RandomAgent,RandomAgent,RandomAgent,GreedyAgent,3
364,364,58,14,16,11,0,6,141,GreedyAgent,RandomAgent,RandomAgent,RandomAgent,0
365,365,11,48,18,17,1,5,115,RandomAgent,GreedyAgent,RandomAgent,RandomAgent,1
366,366,1,17,35,18,2,5,118,RandomAgent,RandomAgent,GreedyAgent,RandomAgent,2
367,367,6,10,20,52,3,5,120,RandomAgent,RandomAgent,RandomAgent,GreedyAgent,3
368,368,78,11,0,24,0,7,172,GreedyAgent,RandomAgent,RandomAgent,RandomAgent,0
369,369,0,42,10,5,1,4,101,RandomAgent,GreedyAgent,RandomAgent,RandomAgent,1
370,370,7,11,52,2,2,5,100,RandomAgent,RandomAgent,GreedyAgent,RandomAgent,2
371,371,4,10,22,43,3,5,112,RandomAgent,RandomAgent,RandomAgent,GreedyAgent,3
372,372,25,11,14,24,0,3,56,GreedyAgent,RandomAgent,RandomAgent,RandomAgent,0
373,373,7,55,8,5,1,5,112,RandomAgent,GreedyAgent,RandomAgent,RandomAgent,1
374,374,4,2,62,18,2,5,124,RandomAgent,RandomAgent,GreedyAgent,RandomAgent,2
375,375,5,11,26,38,3,5,130,RandomAgent,RandomAgent,RandomAgent,GreedyAgent,3
376,376,35,8,18,24,0,4,94,GreedyAgent,RandomAgent,RandomAgent,RandomAgent,0
377,377,8,43,15,16,1,5,113,RandomAgent,GreedyAgent,RandomAgent,RandomAgent,1
378,378,22,7,54,12,2,6,144,RandomAgent,RandomAgent,GreedyAgent,RandomAgent,2
379,379,0,11,21,47,3,4,110,RandomAgent,RandomAgent,RandomAgent,GreedyAgent,3
380,380,45,10,25,16,0,4,102,GreedyAgent,RandomAgent,RandomAgent,RandomAgent,0
381,381,19,31,13,15,1,3,85,RandomAgent,GreedyAgent,RandomAgent,RandomAgent,1
382,382,21,17,67,10,2,7,156,RandomAgent,RandomAgent,GreedyAgent,RandomAgent,2
383,383,18,4,30,64,3,7,166,RandomAgent,RandomAgent,RandomAgent,GreedyAgent,3
384,384,40,12,13,19,0,4,93,GreedyAgent,RandomAgent,RandomAgent,RandomAgent,0
385,385,15,56,22,24,1,7,170,RandomAgent,GreedyAgent,RandomAgent,RandomAgent,1
386,386,17,18,39,5,2,5,123,RandomAgent,RandomAgent,GreedyAgent,RandomAgent,2
387,387,21,4,30,52,3,7,183,RandomAgent,RandomAgent,RandomAgent,GreedyAgent,3
388,388,79,22,15,19,0,9,227,GreedyAgent,RandomAgent,RandomAgent,RandomAgent,0
389,389,14,45,7,21,1,5,109,RandomAgent,GreedyAgent,RandomAgent,RandomAgent,1
390,390,13,6,53,7,2,5,126,RandomAgent,RandomAgent,GreedyAgent,RandomAgent,2
391,391,27,16,2,32,3,4,91,RandomAgent,RandomAgent,RandomAgent,GreedyAgent,3
392,392,41,20,11,21,0,5,113,GreedyAgent,RandomAgent,RandomAgent,RandomAgent,0
393,393,18,51,13,37,1,7,152,RandomAgent,GreedyAgent,RandomAgent,RandomAgent,1
394,394,0,14,60,0,2,5,120,RandomAgent,RandomAgent,GreedyAgent,RandomAgent,2
395,395,17,10,9,18,3,3,63,RandomAgent,RandomAgent,RandomAgent,GreedyAgent,3
396,396,75,18,4,23,0,7,146,GreedyAgent,RandomAgent,RandomAgent,RandomAgent,0
397,397,23,38,23,7,1,5,122,RandomAgent,GreedyAgent,RandomAgent,RandomAgent,1
398,398,0,15,51,16,2,5,142,RandomAgent,RandomAgent,GreedyAgent,RandomAgent,2
399,399,12,16,5,61,3,5,128,RandomAgent,RandomAgent,RandomAgent,GreedyAgent,3
400,400,60,22,9,17,0,6,142,GreedyAgent,RandomAgent,RandomAgent,RandomAgent,0
401,401,20,38,7,13,1,4,95,RandomAgent,GreedyAgent,RandomAgent,RandomAgent,1
402,402,46,16,43,17,0,7,171,RandomAgent,RandomAgent,GreedyAgent,RandomAgent,2
403,403,0,16,9,49,3,5,125,RandomAgent,RandomAgent,RandomAgent,GreedyAgent,3
404,404,59,26,18,12,0,6,136,GreedyAgent,RandomAgent,RandomAgent,RandomAgent,0
405,405,27,39,11,8,1,6,149,RandomAgent,GreedyAgent,RandomAgent,RandomAgent,1
406,406,0,0,60,12,2,5,133,RandomAgent,RandomAgent,GreedyAgent,RandomAgent,2
407,407,10,7,26,56,3,6,138,RandomAgent,RandomAgent,RandomAgent,GreedyAgent,3
408,408,42,14,20,14,0,6,146,GreedyAgent,RandomAgent,RandomAgent,RandomAgent,0
409,409,1,62,22,0,1,5,141,RandomAgent,GreedyAgent,RandomAgent,RandomAgent,1
410,410,25,13,41,5,2,6,125,RandomAgent,RandomAgent,GreedyAgent,RandomAgent,2
411,411,7,0,1,45,3,4,97,RandomAgent,RandomAgent,RandomAgent,GreedyAgent,3
412,412,43,7,2,7,0,5,102,GreedyAgent,RandomAgent,RandomAgent,RandomAgent,0
413,413,0,40,26,10,1,5,121,RandomAgent,GreedyAgent,RandomAgent,RandomAgent,1
414,414,4,10,42,12,2,4,97,RandomAgent,RandomAgent,GreedyAgent,RandomAgent,2
415,415,29,16,11,36,3,4,95,RandomAgent,RandomAgent,RandomAgent,GreedyAgent,3
416,416,46,18,12,28,0,6,121,GreedyAgent,RandomAgent,RandomAgent,RandomAgent,0
417,417,15,50,0,17,1,5,124,RandomAgent,GreedyAgent,RandomAgent,RandomAgent,1
418,418,10,16,58,18,2,5,127,RandomAgent,RandomAgent,GreedyAgent,RandomAgent,2
419,419,7,32,7,48,3,6,140,RandomAgent,RandomAgent,RandomAgent,GreedyAgent,3
420,420,47,27,3,2,0,5,127,GreedyAgent,RandomAgent,RandomAgent,RandomAgent,0
421,421,27,49,7,11,1,5,128,RandomAgent,GreedyAgent,RandomAgent,RandomAgent,1
422,422,27,4,25,10,0,4,96,RandomAgent,RandomAgent,GreedyAgent,RandomAgent,2
423,423,12,25,22,37,3,7,159,RandomAgent,RandomAgent,RandomAgent,GreedyAgent,3
424,424,37,3,19,12,0,4,115,GreedyAgent,RandomAgent,RandomAgent,RandomAgent,0
425,425,0,51,22,18,1,5,119,RandomAgent,GreedyAgent,RandomAgent,RandomAgent,1
426,426,17,20,44,9,2,5,121,RandomAgent,RandomAgent,GreedyAgent,RandomAgent,2
427,427,15,10,9,45,3,4,92,RandomAgent,RandomAgent,RandomAgent,GreedyAgent,3
428,428,54,12,12,34,0,6,121,GreedyAgent,RandomAgent,RandomAgent,RandomAgent,0
429,429,8,34,9,16,1,4,102,RandomAgent,GreedyAgent,RandomAgent,RandomAgent,1
430,430,7,3,63,24,2,5,127,RandomAgent,RandomAgent,GreedyAgent,RandomAgent,2
431,431,5,0,27,71,3,6,140,RandomAgent,RandomAgent,RandomAgent,GreedyAgent,3
432,432,34,18,8,4,0,3,74,GreedyAgent,RandomAgent,RandomAgent,RandomAgent,0
433,433,16,40,14,11,1,5,137,RandomAgent,GreedyAgent,RandomAgent,RandomAgent,1
434,434,18,15,40,5,2,5,115,RandomAgent,RandomAgent,GreedyAgent,RandomAgent,2
435,435,14,26,8,64,3,7,164,RandomAgent,RandomAgent,RandomAgent,GreedyAgent,3
436,436,42,17,16,11,0,5,112,GreedyAgent,RandomAgent,RandomAgent,RandomAgent,0
437,437,25,65,0,10,1,6,154,RandomAgent,GreedyAgent,RandomAgent,RandomAgent,1
438,438,9,24,41,0,2,4,113,RandomAgent,RandomAgent,GreedyAgent,RandomAgent,2
439,439,1,24,16,60,3,5,130,RandomAgent,RandomAgent,RandomAgent,GreedyAgent,3
440,440,44,4,10,25,0,5,100,GreedyAgent,RandomAgent,RandomAgent,RandomAgent,0
441,441,6,46,21,5,1,5,109,RandomAgent,GreedyAgent,RandomAgent,RandomAgent,1
442,442,24,1,34,25,2,6,143,RandomAgent,RandomAgent,GreedyAgent,RandomAgent,2
443,443,19,10,0,53,3,6,133,RandomAgent,RandomAgent,RandomAgent,GreedyAgent,3
444,444,47,9,28,4,0,4,103,GreedyAgent,RandomAgent,RandomAgent,RandomAgent,0
445,445,10,54,27,0,1,5,124,RandomAgent,GreedyAgent,RandomAgent,RandomAgent,1
446,446,5,15,37,17,2,5,121,RandomAgent,RandomAgent,GreedyAgent,RandomAgent,2
447,447,17,14,6,31,3,3,73,RandomAgent,RandomAgent,RandomAgent,GreedyAgent,3
448,448,50,13,8,20,0,5,128,GreedyAgent,RandomAgent,RandomAgent,RandomAgent,0
449,449,27,38,19,0,1,5,130,RandomAgent,GreedyAgent,RandomAgent,RandomAgent,1
450,450,27,7,45,7,2,6,151,RandomAgent,RandomAgent,GreedyAgent,RandomAgent,2
451,451,14,30,13,35,3,6,142,RandomAgent,RandomAgent,RandomAgent,GreedyAgent,3
452,452,70,3,22,23,0,6,141,GreedyAgent,RandomAgent,RandomAgent,RandomAgent,0
453,453,9,68,0,10,1,5,127,RandomAgent,GreedyAgent,RandomAgent,RandomAgent,1
454,454,7,10,47,6,2,5,117,RandomAgent,RandomAgent,GreedyAgent,RandomAgent,2
455,455,2,9,18,47,3,5,120,RandomAgent,RandomAgent,RandomAgent,GreedyAgent,3
456,456,63,14,1,24,0,5,110,GreedyAgent,RandomAgent,RandomAgent,RandomAgent,0
457,457,13,56,5,11,1,5,131,RandomAgent,GreedyAgent,RandomAgent,RandomAgent,1
458,458,19,22,52,3,2,6,148,RandomAgent,RandomAgent,GreedyAgent,RandomAgent,2
459,459,21,0,14,60,3,5,133,RandomAgent,RandomAgent,RandomAgent,GreedyAgent,3
460,460,64,4,28,7,0,7,161,GreedyAgent,RandomAgent,RandomAgent,RandomAgent,0
461,461,14,76,0,0,1,6,154,RandomAgent,GreedyAgent,RandomAgent,RandomAgent,1
462,462,13,16,68,14,2,7,164,RandomAgent,RandomAgent,GreedyAgent,RandomAgent,2
463,463,14,19,7,60,3,6,127,RandomAgent,RandomAgent,RandomAgent,GreedyAgent,3
464,464,59,10,4,11,0,5,118,GreedyAgent,RandomAgent,RandomAgent,RandomAgent,0
465,465,23,54,19,17,1,7,167,RandomAgent,GreedyAgent,RandomAgent,RandomAgent,1
466,466,6,22,46,21,2,5,124,RandomAgent,RandomAgent,GreedyAgent,RandomAgent,2
467,467,20,28,0,55,3,5,138,RandomAgent,RandomAgent,RandomAgent,GreedyAgent,3
468,468,42,36,1,6,0,5,121,GreedyAgent,RandomAgent,RandomAgent,RandomAgent,0
469,469,10,51,15,0,1,5,134,RandomAgent,GreedyAgent,RandomAgent,RandomAgent,1
470,470,13,27,58,4,2,5,106,RandomAgent,RandomAgent,GreedyAgent,RandomAgent,2
471,471,14,9,4,24,3,3,67,RandomAgent,RandomAgent,RandomAgent,GreedyAgent,3
472,472,73,4,11,10,0,6,156,GreedyAgent,RandomAgent,RandomAgent,RandomAgent,0
473,473,17,63,14,6,1,6,150,RandomAgent,GreedyAgent,RandomAgent,RandomAgent,1
474,474,20,26,21,15,1,5,120,RandomAgent,RandomAgent,GreedyAgent,RandomAgent,2
475,475,9,15,7,40,3,5,105,RandomAgent,RandomAgent,RandomAgent,GreedyAgent,3
476,476,61,9,2,25,0,6,132,GreedyAgent,RandomAgent,RandomAgent,RandomAgent,0
477,477,0,48,36,8,1,6,125,RandomAgent,GreedyAgent,RandomAgent,RandomAgent,1
478,478,6,11,53,11,2,6,140,RandomAgent,RandomAgent,GreedyAgent,RandomAgent,2
479,479,14,10,21,25,3,4,93,RandomAgent,RandomAgent,RandomAgent,GreedyAgent,3
480,480,53,19,0,8,0,4,86,GreedyAgent,RandomAgent,RandomAgent,RandomAgent,0
481,481,27,82,12,5,1,7,167,RandomAgent,GreedyAgent,RandomAgent,RandomAgent,1
482,482,15,16,49,5,2,5,125,RandomAgent,RandomAgent,GreedyAgent,RandomAgent,2
483,483,34,17,9,33,0,5,127,RandomAgent,RandomAgent,RandomAgent,GreedyAgent,3
484,484,49,22,5,14,0,6,136,GreedyAgent,RandomAgent,RandomAgent,RandomAgent,0
485,485,20,48,11,16,1,5,125,RandomAgent,GreedyAgent,RandomAgent,RandomAgent,1
486,486,0,8,56,19,2,5,135,RandomAgent,RandomAgent,GreedyAgent,RandomAgent,2
487,487,15,12,10,49,3,6,136,RandomAgent,RandomAgent,RandomAgent,GreedyAgent,3
488,488,43,7,19,4,0,5,103,GreedyAgent,RandomAgent,RandomAgent,RandomAgent,0
489,489,2,52,18,21,1,6,150,RandomAgent,GreedyAgent,RandomAgent,RandomAgent,1
490,490,19,22,36,0,2,4,106,RandomAgent,RandomAgent,GreedyAgent,RandomAgent,2
491,491,20,20,1,46,3,5,121,RandomAgent,RandomAgent,RandomAgent,GreedyAgent,3
492,492,61,12,0,0,0,5,127,GreedyAgent,RandomAgent,RandomAgent,RandomAgent,0
493,493,17,46,7,18,1,5,113,RandomAgent,GreedyAgent,RandomAgent,RandomAgent,1
494,494,7,15,38,18,2,6,128,RandomAgent,RandomAgent,GreedyAgent,RandomAgent,2
495,495,4,0,4,49,3,5,103,RandomAgent,RandomAgent,RandomAgent,GreedyAgent,3
496,496,32,25,15,0,0,5,116,GreedyAgent,RandomAgent,RandomAgent,RandomAgent,0
497,497,3,75,25,19,1,7,147,RandomAgent,GreedyAgent,RandomAgent,RandomAgent,1
498,498,25,11,37,9,2,5,129,RandomAgent,RandomAgent,GreedyAgent,RandomAgent,2
499,499,12,33,20,36,3,6,130,RandomAgent,RandomAgent,RandomAgent,GreedyAgent,3
500,500,32,26,12,10,0,4,86,GreedyAgent,RandomAgent,RandomAgent,RandomAgent,0
501,501,12,40,13,4,1,4,104,RandomAgent,GreedyAgent,RandomAgent,RandomAgent,1
502,502,21,11,48,8,2,4,95,RandomAgent,RandomAgent,GreedyAgent,RandomAgent,2
503,503,14,5,6,69,3,7,167,RandomAgent,RandomAgent,RandomAgent,GreedyAgent,3
504,504,55,12,19,22,0,6,130,GreedyAgent,RandomAgent,RandomAgent,RandomAgent,0
505,505,7,56,15,20,1,6,137,RandomAgent,GreedyAgent,RandomAgent,RandomAgent,1
506,506,20,16,40,11,2,5,128,RandomAgent,RandomAgent,GreedyAgent,RandomAgent,2
507,507,0,17,11,43,3,5,103,RandomAgent,RandomAgent,RandomAgent,GreedyAgent,3
508,508,49,14,0,18,0,5,124,GreedyAgent,RandomAgent,RandomAgent,RandomAgent,0
509,509,15,47,15,3,1,6,132,RandomAgent,GreedyAgent,RandomAgent,RandomAgent,1
510,510,0,12,38,21,2,5,118,RandomAgent,RandomAgent,GreedyAgent,RandomAgent,2
511,511,6,31,8,62,3,7,154,RandomAgent,RandomAgent,RandomAgent,GreedyAgent,3
512,512,69,22,12,14,0,8,174,GreedyAgent,RandomAgent,RandomAgent,RandomAgent,0
513,513,1,63,9,14,1,5,119,RandomAgent,GreedyAgent,RandomAgent,RandomAgent,1
514,514,9,8,49,10,2,7,144,RandomAgent,RandomAgent,GreedyAgent,RandomAgent,2
515,515,16,19,3,54,3,5,135,RandomAgent,RandomAgent,RandomAgent,GreedyAgent,3
516,516,54,15,0,25,0,6,146,GreedyAgent,RandomAgent,RandomAgent,RandomAgent,0
517,517,11,31,12,5,1,5,124,RandomAgent,GreedyAgent,RandomAgent,RandomAgent,1
518,518,9,8,53,5,2,5,115,RandomAgent,RandomAgent,GreedyAgent,RandomAgent,2
519,519,16,9,12,37,3,4,106,RandomAgent,RandomAgent,RandomAgent,GreedyAgent,3
520,520,53,29,8,14,0,6,157,GreedyAgent,RandomAgent,RandomAgent,RandomAgent,0
521,521,11,22,6,17,1,4,84,RandomAgent,GreedyAgent,RandomAgent,RandomAgent,1
522,522,0,28,24,27,1,5,125,RandomAgent,RandomAgent,GreedyAgent,RandomAgent,2
523,523,6,14,19,39,3,5,109,RandomAgent,RandomAgent,RandomAgent,GreedyAgent,3
524,524,61,13,16,14,0,7,157,GreedyAgent,RandomAgent,RandomAgent,RandomAgent,0
525,525,2,33,23,3,1,4,120,RandomAgent,GreedyAgent,RandomAgent,RandomAgent,1
526,526,6,18,42,14,2,6,149,RandomAgent,RandomAgent,GreedyAgent,RandomAgent,2
527,527,11,7,14,40,3,4,86,RandomAgent,RandomAgent,RandomAgent,GreedyAgent,3
528,528,49,8,0,18,0,5,110,GreedyAgent,RandomAgent,RandomAgent,RandomAgent,0
529,529,15,54,5,28,1,6,138,RandomAgent,GreedyAgent,RandomAgent,RandomAgent,1
530,530,4,4,81,24,2,7,182,RandomAgent,RandomAgent,GreedyAgent,RandomAgent,2
531,531,20,7,16,46,3,6,148,RandomAgent,RandomAgent,RandomAgent,GreedyAgent,3
532,532,22,8,12,14,0,5,132,GreedyAgent,RandomAgent,RandomAgent,RandomAgent,0
533,533,0,57,23,7,1,5,121,RandomAgent,GreedyAgent,RandomAgent,RandomAgent,1
534,534,4,14,38,14,2,5,122,RandomAgent,RandomAgent,GreedyAgent,RandomAgent,2
535,535,11,23,9,56,3,6,148,RandomAgent,RandomAgent,RandomAgent,GreedyAgent,3
536,536,48,14,12,27,0,5,111,GreedyAgent,RandomAgent,RandomAgent,RandomAgent,0
537,537,15,74,9,11,1,6,145,RandomAgent,GreedyAgent,RandomAgent,RandomAgent,1
538,538,20,11,57,0,2,6,154,RandomAgent,RandomAgent,GreedyAgent,RandomAgent,2
539,539,15,8,16,64,3,7,167,RandomAgent,RandomAgent,RandomAgent,GreedyAgent,3
540,540,41,5,22,25,0,5,121,GreedyAgent,RandomAgent,RandomAgent,RandomAgent,0
541,541,17,46,17,8,1,5,114,RandomAgent,GreedyAgent,RandomAgent,RandomAgent,1
542,542,26,0,63,21,2,7,166,RandomAgent,RandomAgent,GreedyAgent,RandomAgent,2
543,543,0,13,29,43,3,6,119,RandomAgent,RandomAgent,RandomAgent,GreedyAgent,3
544,544,68,4,22,3,0,6,136,GreedyAgent,RandomAgent,RandomAgent,RandomAgent,0
545,545,23,55,12,14,1,5,105,RandomAgent,GreedyAgent,RandomAgent,RandomAgent,1
546,546,16,25,55,14,2,6,139,RandomAgent,RandomAgent,GreedyAgent,RandomAgent,2
547,547,29,0,6,61,3,6,157,RandomAgent,RandomAgent,RandomAgent,GreedyAgent,3
548,548,67,13,17,20,0,7,168,GreedyAgent,RandomAgent,RandomAgent,RandomAgent,0
549,549,12,62,8,4,1,6,161,RandomAgent,GreedyAgent,RandomAgent,RandomAgent,1
550,550,19,14,67,4,2,6,147,RandomAgent,RandomAgent,GreedyAgent,RandomAgent,2
551,551,28,1,15,37,3,5,125,RandomAgent,RandomAgent,RandomAgent,GreedyAgent,3
552,552,67,15,6,12,0,5,117,GreedyAgent,RandomAgent,RandomAgent,RandomAgent,0
553,553,26,62,20,16,1,8,190,RandomAgent,GreedyAgent,RandomAgent,RandomAgent,1
554,554,5,6,45,25,2,5,120,RandomAgent,RandomAgent,GreedyAgent,RandomAgent,2
555,555,18,8,10,66,3,6,144,RandomAgent,RandomAgent,RandomAgent,GreedyAgent,3
556,556,59,18,1,0,0,5,110,GreedyAgent,RandomAgent,RandomAgent,RandomAgent,0
557,557,11,25,17,13,1,3,84,RandomAgent,GreedyAgent,RandomAgent,RandomAgent,1
558,558,22,11,50,0,2,6,128,RandomAgent,RandomAgent,GreedyAgent,RandomAgent,2
559,559,2,20,16,53,3,6,152,RandomAgent,RandomAgent,RandomAgent,GreedyAgent,3
560,560,25,14,19,8,0,4,93,GreedyAgent,RandomAgent,RandomAgent,RandomAgent,0
561,561,7,38,7,13,1,5,117,RandomAgent,GreedyAgent,RandomAgent,RandomAgent,1
562,562,0,26,55,21,2,6,131,RandomAgent,RandomAgent,GreedyAgent,RandomAgent,2
563,563,21,28,0,50,3,5,110,RandomAgent,RandomAgent,RandomAgent,GreedyAgent,3
564,564,59,9,19,4,0,6,139,GreedyAgent,RandomAgent,RandomAgent,RandomAgent,0
565,565,14,85,3,10,1,7,187,RandomAgent,GreedyAgent,RandomAgent,RandomAgent,1
566,566,8,18,51,3,2,6,131,RandomAgent,RandomAgent,GreedyAgent,RandomAgent,2
567,567,8,19,8,65,3,5,120,RandomAgent,RandomAgent,RandomAgent,GreedyAgent,3
568,568,39,11,9,6,0,4,101,GreedyAgent,RandomAgent,RandomAgent,RandomAgent,0
569,569,18,44,23,0,1,5,128,RandomAgent,GreedyAgent,RandomAgent,RandomAgent,1
570,570,13,12,43,10,2,4,81,RandomAgent,RandomAgent,GreedyAgent,RandomAgent,2
571,571,22,15,2,60,3,5,119,RandomAgent,RandomAgent,RandomAgent,GreedyAgent,3
572,572,57,25,14,17,0,6,155,GreedyAgent,RandomAgent,RandomAgent,RandomAgent,0
573,573,4,30,5,23,1,4,95,RandomAgent,GreedyAgent,RandomAgent,RandomAgent,1
574,574,15,18,55,23,2,6,141,RandomAgent,RandomAgent,GreedyAgent,RandomAgent,2
575,575,3,5,24,65,3,5,126,RandomAgent,RandomAgent,RandomAgent,GreedyAgent,3
576,576,38,0,11,19,0,4,107,GreedyAgent,RandomAgent,RandomAgent,RandomAgent,0
577,577,19,53,19,12,1,6,125,RandomAgent,GreedyAgent,RandomAgent,RandomAgent,1
578,578,2,9,46,20,2,5,107,RandomAgent,RandomAgent,GreedyAgent,RandomAgent,2
579,579,17,4,16,52,3,5,132,RandomAgent,RandomAgent,RandomAgent,GreedyAgent,3
580,580,45,5,24,26,0,5,105,GreedyAgent,RandomAgent,RandomAgent,RandomAgent,0
581,581,5,87,1,11,1,7,177,RandomAgent,GreedyAgent,RandomAgent,RandomAgent,1
582,582,26,19,74,3,2,7,171,RandomAgent,RandomAgent,GreedyAgent,RandomAgent,2
583,583,12,21,6,31,3,4,83,RandomAgent,RandomAgent,RandomAgent,GreedyAgent,3
584,584,62,18,22,0,0,6,159,GreedyAgent,RandomAgent,RandomAgent,RandomAgent,0
585,585,4,52,4,19,1,6,136,RandomAgent,GreedyAgent,RandomAgent,RandomAgent,1
586,586,17,5,65,0,2,6,121,RandomAgent,RandomAgent,GreedyAgent,RandomAgent,2
587,587,8,12,9,41,3,3,81,RandomAgent,RandomAgent,RandomAgent,GreedyAgent,3
588,588,44,8,27,18,0,5,129,GreedyAgent,RandomAgent,RandomAgent,RandomAgent,0
589,589,29,53,20,8,1,6,137,RandomAgent,GreedyAgent,RandomAgent,RandomAgent,1
590,590,15,8,50,43,2,7,173,RandomAgent,RandomAgent,GreedyAgent,RandomAgent,2
591,591,1,14,8,59,3,6,143,RandomAgent,RandomAgent,RandomAgent,GreedyAgent,3
592,592,69,0,21,1,0,7,178,GreedyAgent,RandomAgent,RandomAgent,RandomAgent,0
593,593,4,57,11,13,1,5,132,RandomAgent,GreedyAgent,RandomAgent,RandomAgent,1
594,594,11,5,39,0,2,4,92,RandomAgent,RandomAgent,GreedyAgent,RandomAgent,2
595,595,16,25,15,43,3,6,135,RandomAgent,RandomAgent,RandomAgent,GreedyAgent,3
596,596,46,11,2,15,0,5,132,GreedyAgent,RandomAgent,RandomAgent,RandomAgent,0
597,597,15,34,5,11,1,3,80,RandomAgent,GreedyAgent,RandomAgent,RandomAgent,1
598,598,25,26,33,5,2,6,134,RandomAgent,RandomAgent,GreedyAgent,RandomAgent,2
599,599,20,26,20,44,3,7,183,RandomAgent,RandomAgent,RandomAgent,GreedyAgent,3
600,600,34,23,17,10,0,4,109,GreedyAgent,RandomAgent,RandomAgent,RandomAgent,0
601,601,4,47,22,4,1,4,95,RandomAgent,GreedyAgent,RandomAgent,RandomAgent,1
602,602,20,18,36,7,2,6,135,RandomAgent,RandomAgent,GreedyAgent,RandomAgent,2
603,603,10,22,0,40,3,4,121,RandomAgent,RandomAgent,RandomAgent,GreedyAgent,3
604,604,55,14,19,12,0,6,137,GreedyAgent,RandomAgent,RandomAgent,RandomAgent,0
605,605,14,48,0,14,1,4,94,RandomAgent,GreedyAgent,RandomAgent,RandomAgent,1
606,606,3,1,53,5,2,5,136,RandomAgent,RandomAgent,GreedyAgent,RandomAgent,2
607,607,4,12,16,68,3,7,165,RandomAgent,RandomAgent,RandomAgent,GreedyAgent,3
608,608,60,2,24,26,0,6,149,GreedyAgent,RandomAgent,RandomAgent,RandomAgent,0
609,609,0,57,22,4,1,6,136,RandomAgent,GreedyAgent,RandomAgent,RandomAgent,1
610,610,2,24,59,9,2,8,191,RandomAgent,RandomAgent,GreedyAgent,RandomAgent,2
611,611,21,11,20,30,3,4,103,RandomAgent,RandomAgent,RandomAgent,GreedyAgent,3
612,612,31,11,20,20,0,4,96,GreedyAgent,RandomAgent,RandomAgent,RandomAgent,0
613,613,9,67,15,13,1,6,146,RandomAgent,GreedyAgent,RandomAgent,RandomAgent,1
614,614,12,1,33,15,2,5,132,RandomAgent,RandomAgent,GreedyAgent,RandomAgent,2
615,615,9,5,7,54,3,5,123,RandomAgent,RandomAgent,RandomAgent,GreedyAgent,3
616,616,61,14,18,6,0,5,111,GreedyAgent,RandomAgent,RandomAgent,RandomAgent,0
617,617,17,50,9,15,1,5,114,RandomAgent,GreedyAgent,RandomAgent,RandomAgent,1
618,618,9,11,79,15,2,7,170,RandomAgent,RandomAgent,GreedyAgent,RandomAgent,2
619,619,23,18,11,40,3,6,144,RandomAgent,RandomAgent,RandomAgent,GreedyAgent,3
620,620,53,13,30,11,0,6,145,GreedyAgent,RandomAgent,RandomAgent,RandomAgent,0
621,621,9,54,8,30,1,6,144,RandomAgent,GreedyAgent,RandomAgent,RandomAgent,1
622,622,4,6,93,21,2,7,170,RandomAgent,RandomAgent,GreedyAgent,RandomAgent,2
623,623,16,10,24,48,3,5,121,RandomAgent,RandomAgent,RandomAgent,GreedyAgent,3
624,624,70,12,9,1,0,7,155,GreedyAgent,RandomAgent,RandomAgent,RandomAgent,0
625,625,24,51,23,14,1,6,138,RandomAgent,GreedyAgent,RandomAgent,RandomAgent,1
626,626,24,14,42,20,2,5,113,RandomAgent,RandomAgent,GreedyAgent,RandomAgent,2
627,627,22,6,3,77,3,6,149,RandomAgent,RandomAgent,RandomAgent,GreedyAgent,3
628,628,71,1,11,6,0,6,149,GreedyAgent,RandomAgent,RandomAgent,RandomAgent,0
629,629,1,47,12,24,1,5,139,RandomAgent,GreedyAgent,RandomAgent,RandomAgent,1
630,630,18,28,33,16,2,7,144,RandomAgent,RandomAgent,GreedyAgent,RandomAgent,2
631,631,26,18,1,56,3,5,122,RandomAgent,RandomAgent,RandomAgent,GreedyAgent,3
632,632,48,0,10,10,0,6,124,GreedyAgent,RandomAgent,RandomAgent,RandomAgent,0
633,633,18,58,0,14,1,6,154,RandomAgent,GreedyAgent,RandomAgent,RandomAgent,1
634,634,13,9,81,19,2,8,187,RandomAgent,RandomAgent,GreedyAgent,RandomAgent,2
635,635,5,3,11,44,3,5,106,RandomAgent,RandomAgent,RandomAgent,GreedyAgent,3
636,636,73,9,4,8,0,6,142,GreedyAgent,RandomAgent,RandomAgent,RandomAgent,0
637,637,18,57,21,11,1,6,138,RandomAgent,GreedyAgent,RandomAgent,RandomAgent,1
638,638,4,27,35,15,2,4,95,RandomAgent,RandomAgent,GreedyAgent,RandomAgent,2
639,639,14,13,18,68,3,7,168,RandomAgent,RandomAgent,RandomAgent,GreedyAgent,3
640,640,47,18,6,23,0,5,119,GreedyAgent,RandomAgent,RandomAgent,RandomAgent,0
641,641,14,56,14,26,1,6,133,RandomAgent,GreedyAgent,RandomAgent,RandomAgent,1
642,642,7,7,65,22,2,6,126,RandomAgent,RandomAgent,GreedyAgent,RandomAgent,2
643,643,19,9,1,56,3,6,152,RandomAgent,RandomAgent,RandomAgent,GreedyAgent,3
644,644,57,2,11,26,0,7,165,GreedyAgent,RandomAgent,RandomAgent,RandomAgent,0
645,645,9,54,15,9,1,4,112,RandomAgent,GreedyAgent,RandomAgent,RandomAgent,1
646,646,15,5,59,4,2,6,146,RandomAgent,RandomAgent,GreedyAgent,RandomAgent,2
647,647,8,17,12,74,3,7,174,RandomAgent,RandomAgent,RandomAgent,GreedyAgent,3
648,648,78,4,0,13,0,6,153,GreedyAgent,RandomAgent,RandomAgent,RandomAgent,0
649,649,25,31,13,6,1,5,120,RandomAgent,GreedyAgent,RandomAgent,RandomAgent,1
650,650,0,16,51,8,2,4,105,RandomAgent,RandomAgent,GreedyAgent,RandomAgent,2
651,651,18,9,11,82,3,7,181,RandomAgent,RandomAgent,RandomAgent,GreedyAgent,3
652,652,45,9,25,8,0,5,111,GreedyAgent,RandomAgent,RandomAgent,RandomAgent,0
653,653,16,57,12,4,1,6,135,RandomAgent,GreedyAgent,RandomAgent,RandomAgent,1
654,654,11,19,34,15,2,5,123,RandomAgent,RandomAgent,GreedyAgent,RandomAgent,2
655,655,13,7,10,61,3,6,156,RandomAgent,RandomAgent,RandomAgent,GreedyAgent,3
656,656,54,26,4,9,0,6,150,GreedyAgent,RandomAgent,RandomAgent,RandomAgent,0
657,657,28,47,21,14,1,6,154,RandomAgent,GreedyAgent,RandomAgent,RandomAgent,1
658,658,13,0,50,23,2,5,108,RandomAgent,RandomAgent,GreedyAgent,RandomAgent,2
659,659,0,15,10,38,3,4,102,RandomAgent,RandomAgent,RandomAgent,GreedyAgent,3
660,660,52,0,1,7,0,5,120,GreedyAgent,RandomAgent,RandomAgent,RandomAgent,0
661,661,11,56,5,27,1,6,132,RandomAgent,GreedyAgent,RandomAgent,RandomAgent,1
662,662,5,9,54,23,2,5,131,RandomAgent,RandomAgent,GreedyAgent,RandomAgent,2
663,663,23,6,17,27,3,4,83,RandomAgent,RandomAgent,RandomAgent,GreedyAgent,3
664,664,54,3,20,8,0,5,125,GreedyAgent,RandomAgent,RandomAgent,RandomAgent,0
665,665,7,66,25,11,1,6,148,RandomAgent,GreedyAgent,RandomAgent,RandomAgent,1
666,666,0,11,47,11,2,5,113,RandomAgent,RandomAgent,GreedyAgent,RandomAgent,2
667,667,16,4,11,48,3,5,113,RandomAgent,RandomAgent,RandomAgent,GreedyAgent,3
668,668,52,10,8,21,0,5,110,GreedyAgent,RandomAgent,RandomAgent,RandomAgent,0
669,669,6,35,29,13,1,5,124,RandomAgent,GreedyAgent,RandomAgent,RandomAgent,1
670,670,8,20,60,11,2,6,144,RandomAgent,RandomAgent,GreedyAgent,RandomAgent,2
671,671,4,10,18,52,3,5,119,RandomAgent,RandomAgent,RandomAgent,GreedyAgent,3
672,672,54,2,27,16,0,6,136,GreedyAgent,RandomAgent,RandomAgent,RandomAgent,0
673,673,23,51,14,1,1,5,109,RandomAgent,GreedyAgent,RandomAgent,RandomAgent,1
674,674,14,19,24,15,2,5,123,RandomAgent,RandomAgent,GreedyAgent,RandomAgent,2
675,675,1,19,10,57,3,6,148,RandomAgent,RandomAgent,RandomAgent,GreedyAgent,3
676,676,50,23,5,22,0,5,104,GreedyAgent,RandomAgent,RandomAgent,RandomAgent,0
677,677,28,39,4,18,1,4,98,RandomAgent,GreedyAgent,RandomAgent,RandomAgent,1
678,678,5,33,56,10,2,6,154,RandomAgent,RandomAgent,GreedyAgent,RandomAgent,2
679,679,24,15,6,26,3,4,103,RandomAgent,RandomAgent,RandomAgent,GreedyAgent,3
680,680,50,9,21,10,0,6,140,GreedyAgent,RandomAgent,RandomAgent,RandomAgent,0
681,681,5,40,12,12,1,4,92,RandomAgent,GreedyAgent,RandomAgent,RandomAgent,1
682,682,8,13,42,31,2,5,120,RandomAgent,RandomAgent,GreedyAgent,RandomAgent,2
683,683,7,20,15,60,3,7,154,RandomAgent,RandomAgent,RandomAgent,GreedyAgent,3
684,684,65,32,12,17,0,7,163,GreedyAgent,RandomAgent,RandomAgent,RandomAgent,0
685,685,4,50,16,18,1,5,121,RandomAgent,GreedyAgent,RandomAgent,RandomAgent,1
686,686,0,4,65,13,2,5,127,RandomAgent,RandomAgent,GreedyAgent,RandomAgent,2
687,687,15,11,8,44,3,6,149,RandomAgent,RandomAgent,RandomAgent,GreedyAgent,3
688,688,63,10,19,19,0,7,155,GreedyAgent,RandomAgent,RandomAgent,RandomAgent,0
689,689,5,63,24,6,1,6,142,RandomAgent,GreedyAgent,RandomAgent,RandomAgent,1
690,690,0,6,46,17,2,5,112,RandomAgent,RandomAgent,GreedyAgent,RandomAgent,2
691,691,0,13,2,56,3,5,115,RandomAgent,RandomAgent,RandomAgent,GreedyAgent,3
692,692,46,1,15,12,0,4,84,GreedyAgent,RandomAgent,RandomAgent,RandomAgent,0
693,693,34,37,6,14,1,5,104,RandomAgent,GreedyAgent,RandomAgent,RandomAgent,1
694,694,12,15,72,16,2,6,152,RandomAgent,RandomAgent,GreedyAgent,RandomAgent,2
695,695,1,4,2,59,3,4,109,RandomAgent,RandomAgent,RandomAgent,GreedyAgent,3
696,696,41,21,19,21,0,6,153,GreedyAgent,RandomAgent,RandomAgent,RandomAgent,0
697,697,26,75,10,1,1,7,148,RandomAgent,GreedyAgent,RandomAgent,RandomAgent,1
698,698,13,6,62,13,2,5,109,RandomAgent,RandomAgent,GreedyAgent,RandomAgent,2
699,699,33,2,6,67,3,6,149,RandomAgent,RandomAgent,RandomAgent,GreedyAgent,3
700,700,50,7,4,2,0,5,128,GreedyAgent,RandomAgent,RandomAgent,RandomAgent,0
701,701,4,74,9,5,1,6,162,RandomAgent,GreedyAgent,RandomAgent,RandomAgent,1
702,702,10,13,41,0,2,4,90,RandomAgent,RandomAgent,GreedyAgent,RandomAgent,2
703,703,0,33,4,49,3,6,153,RandomAgent,RandomAgent,RandomAgent,GreedyAgent,3
704,704,48,16,16,10,0,6,142,GreedyAgent,RandomAgent,RandomAgent,RandomAgent,0
705,705,10,57,13,28,1,6,147,RandomAgent,GreedyAgent,RandomAgent,RandomAgent,1
706,706,19,11,50,3,2,5,126,RandomAgent,RandomAgent,GreedyAgent,RandomAgent,2
707,707,9,12,21,46,3,5,112,RandomAgent,RandomAgent,RandomAgent,GreedyAgent,3
708,708,62,13,9,7,0,5,115,GreedyAgent,RandomAgent,RandomAgent,RandomAgent,0
709,709,6,89,6,14,1,7,184,RandomAgent,GreedyAgent,RandomAgent,RandomAgent,1
710,710,15,7,46,11,2,4,103,RandomAgent,RandomAgent,GreedyAgent,RandomAgent,2
711,711,3,17,8,48,3,6,142,RandomAgent,RandomAgent,RandomAgent,GreedyAgent,3
712,712,40,30,19,10,0,6,136,GreedyAgent,RandomAgent,RandomAgent,RandomAgent,0
713,713,30,58,18,0,1,6,136,RandomAgent,GreedyAgent,RandomAgent,RandomAgent,1
714,714,19,8,41,12,2,4,95,RandomAgent,RandomAgent,GreedyAgent,RandomAgent,2
715,715,9,11,0,70,3,6,156,RandomAgent,RandomAgent,RandomAgent,GreedyAgent,3
716,716,55,7,23,3,0,5,129,GreedyAgent,RandomAgent,RandomAgent,RandomAgent,0
717,717,23,51,20,7,1,5,116,RandomAgent,GreedyAgent,RandomAgent,RandomAgent,1
718,718,19,31,56,12,2,6,119,RandomAgent,RandomAgent,GreedyAgent,RandomAgent,2
719,719,13,22,18,44,3,4,80,RandomAgent,RandomAgent,RandomAgent,GreedyAgent,3
720,720,62,23,20,17,0,6,150,GreedyAgent,RandomAgent,RandomAgent,RandomAgent,0
721,721,1,81,4,5,1,6,155,RandomAgent,GreedyAgent,RandomAgent,RandomAgent,1
722,722,6,10,43,4,2,6,142,RandomAgent,RandomAgent,GreedyAgent,RandomAgent,2
723,723,10,4,16,57,3,6,151,RandomAgent,RandomAgent,RandomAgent,GreedyAgent,3
724,724,74,8,12,10,0,6,145,GreedyAgent,RandomAgent,RandomAgent,RandomAgent,0
725,725,13,51,13,7,1,4,106,RandomAgent,GreedyAgent,RandomAgent,RandomAgent,1
726,726,15,21,54,0,2,6,142,RandomAgent,RandomAgent,GreedyAgent,RandomAgent,2
727,727,17,4,37,52,3,7,169,RandomAgent,RandomAgent,RandomAgent,GreedyAgent,3
728,728,37,4,15,0,0,4,92,GreedyAgent,RandomAgent,RandomAgent,RandomAgent,0
729,729,21,43,17,0,1,3,82,RandomAgent,GreedyAgent,RandomAgent,RandomAgent,1
730,730,24,16,45,22,2,6,125,RandomAgent,RandomAgent,GreedyAgent,RandomAgent,2
731,731,3,6,14,75,3,8,200,RandomAgent,RandomAgent,RandomAgent,GreedyAgent,3
732,732,48,14,7,20,0,7,164,GreedyAgent,RandomAgent,RandomAgent,RandomAgent,0
733,733,13,52,6,11,1,6,133,RandomAgent,GreedyAgent,RandomAgent,RandomAgent,1
734,734,17,24,64,0,2,6,142,RandomAgent,RandomAgent,GreedyAgent,RandomAgent,2
735,735,13,18,16,41,3,4,92,RandomAgent,RandomAgent,RandomAgent,GreedyAgent,3
736,736,45,15,8,23,0,5,118,GreedyAgent,RandomAgent,RandomAgent,RandomAgent,0
737,737,30,43,12,16,1,7,162,RandomAgent,GreedyAgent,RandomAgent,RandomAgent,1
738,738,23,23,53,10,2,7,171,RandomAgent,RandomAgent,GreedyAgent,RandomAgent,2
739,739,23,3,8,32,3,3,87,RandomAgent,RandomAgent,RandomAgent,GreedyAgent,3
740,740,40,26,19,15,0,5,123,GreedyAgent,RandomAgent,RandomAgent,RandomAgent,0
741,741,10,72,42,1,1,8,194,RandomAgent,GreedyAgent,RandomAgent,RandomAgent,1
742,742,16,14,48,20,2,5,118,RandomAgent,RandomAgent,GreedyAgent,RandomAgent,2
743,743,29,1,8,97,3,8,173,RandomAgent,RandomAgent,RandomAgent,GreedyAgent,3
744,744,91,1,15,2,0,7,163,GreedyAgent,RandomAgent,RandomAgent,RandomAgent,0
745,745,8,65,1,19,1,5,115,RandomAgent,GreedyAgent,RandomAgent,RandomAgent,1
746,746,8,7,44,10,2,4,93,RandomAgent,RandomAgent,GreedyAgent,RandomAgent,2
747,747,9,15,5,53,3,5,130,RandomAgent,RandomAgent,RandomAgent,GreedyAgent,3
748,748,32,0,10,4,0,3,76,GreedyAgent,RandomAgent,RandomAgent,RandomAgent,0
749,749,3,68,5,22,1,6,138,RandomAgent,GreedyAgent,RandomAgent,RandomAgent,1
750,750,25,15,36,17,2,6,154,RandomAgent,RandomAgent,GreedyAgent,RandomAgent,2
751,751,5,5,20,60,3,5,137,RandomAgent,RandomAgent,RandomAgent,GreedyAgent,3
752,752,47,18,1,9,0,5,122,GreedyAgent,RandomAgent,RandomAgent,RandomAgent,0
753,753,10,57,7,9,1,5,118,RandomAgent,GreedyAgent,RandomAgent,RandomAgent,1
754,754,5,4,66,4,2,5,122,RandomAgent,RandomAgent,GreedyAgent,RandomAgent,2
755,755,20,9,13,59,3,5,117,RandomAgent,RandomAgent,RandomAgent,GreedyAgent,3
756,756,50,4,15,3,0,5,146,GreedyAgent,RandomAgent,RandomAgent,RandomAgent,0
757,757,0,52,22,7,1,6,139,RandomAgent,GreedyAgent,RandomAgent,RandomAgent,1
758,758,4,6,69,19,2,5,119,RandomAgent,RandomAgent,GreedyAgent,RandomAgent,2
759,759,9,4,33,53,3,7,177,RandomAgent,RandomAgent,RandomAgent,GreedyAgent,3
760,760,62,11,20,23,0,7,152,GreedyAgent,RandomAgent,RandomAgent,RandomAgent,0
761,761,5,44,16,0,1,3,86,RandomAgent,GreedyAgent,RandomAgent,RandomAgent,1
762,762,0,10,55,6,2,4,110,RandomAgent,RandomAgent,GreedyAgent,RandomAgent,2
763,763,23,17,3,36,3,5,129,RandomAgent,RandomAgent,RandomAgent,GreedyAgent,3
764,764,30,8,5,23,0,4,91,GreedyAgent,RandomAgent,RandomAgent,RandomAgent,0
765,765,15,44,3,25,1,5,131,RandomAgent,GreedyAgent,RandomAgent,RandomAgent,1
766,766,16,3,53,3,2,5,116,RandomAgent,RandomAgent,GreedyAgent,RandomAgent,2
767,767,12,6,20,60,3,6,140,RandomAgent,RandomAgent,RandomAgent,GreedyAgent,3
768,768,44,3,22,19,0,4,81,GreedyAgent,RandomAgent,RandomAgent,RandomAgent,0
769,769,6,31,5,12,1,4,102,RandomAgent,GreedyAgent,RandomAgent,RandomAgent,1
770,770,12,12,37,15,2,4,96,RandomAgent,RandomAgent,GreedyAgent,RandomAgent,2
771,771,12,13,4,56,3,6,129,RandomAgent,RandomAgent,RandomAgent,GreedyAgent,3
772,772,64,27,0,5,0,5,114,GreedyAgent,RandomAgent,RandomAgent,RandomAgent,0
773,773,19,58,0,1,1,5,132,RandomAgent,GreedyAgent,RandomAgent,RandomAgent,1
774,774,9,3,57,15,2,6,132,RandomAgent,RandomAgent,GreedyAgent,RandomAgent,2
775,775,8,8,24,56,3,6,140,RandomAgent,RandomAgent,RandomAgent,GreedyAgent,3
776,776,46,8,10,2,0,4,99,GreedyAgent,RandomAgent,RandomAgent,RandomAgent,0
777,777,5,45,7,10,1,5,105,RandomAgent,GreedyAgent,RandomAgent,RandomAgent,1
778,778,10,6,61,24,2,7,192,RandomAgent,RandomAgent,GreedyAgent,RandomAgent,2
779,779,10,8,18,51,3,6,135,RandomAgent,RandomAgent,RandomAgent,GreedyAgent,3
780,780,62,13,7,17,0,5,129,GreedyAgent,RandomAgent,RandomAgent,RandomAgent,0
781,781,15,48,6,12,1,5,122,RandomAgent,GreedyAgent,RandomAgent,RandomAgent,1
782,782,26,11,33,3,2,5,137,RandomAgent,RandomAgent,GreedyAgent,RandomAgent,2
783,783,15,21,13,30,3,7,154,RandomAgent,RandomAgent,RandomAgent,GreedyAgent,3
784,784,24,15,20,19,0,4,94,GreedyAgent,RandomAgent,RandomAgent,RandomAgent,0
785,785,4,56,3,14,1,5,132,RandomAgent,GreedyAgent,RandomAgent,RandomAgent,1
786,786,14,7,34,16,2,4,86,RandomAgent,RandomAgent,GreedyAgent,RandomAgent,2
787,787,5,8,1,38,3,4,110,RandomAgent,RandomAgent,RandomAgent,GreedyAgent,3
788,788,44,18,9,0,0,4,105,GreedyAgent,RandomAgent,RandomAgent,RandomAgent,0
789,789,9,55,24,10,1,5,121,RandomAgent,GreedyAgent,RandomAgent,RandomAgent,1
790,790,0,8,51,10,2,5,120,RandomAgent,RandomAgent,GreedyAgent,RandomAgent,2
791,791,22,4,9,56,3,5,126,RandomAgent,RandomAgent,RandomAgent,GreedyAgent,3
792,792,54,0,12,19,0,5,104,GreedyAgent,RandomAgent,RandomAgent,RandomAgent,0
793,793,15,44,0,10,1,4,89,RandomAgent,GreedyAgent,RandomAgent,RandomAgent,1
794,794,25,0,46,6,2,5,132,RandomAgent,RandomAgent,GreedyAgent,RandomAgent,2
795,795,15,14,5,33,3,4,112,RandomAgent,RandomAgent,RandomAgent,GreedyAgent,3
796,796,55,7,27,26,0,7,169,GreedyAgent,RandomAgent,RandomAgent,RandomAgent,0
797,797,0,51,8,8,1,5,126,RandomAgent,GreedyAgent,RandomAgent,RandomAgent,1
798,798,13,11,56,19,2,6,166,RandomAgent,RandomAgent,GreedyAgent,RandomAgent,2
799,799,8,9,20,48,3,5,107,RandomAgent,RandomAgent,RandomAgent,GreedyAgent,3
800,800,18,5,9,4,0,3,83,GreedyAgent,RandomAgent,RandomAgent,RandomAgent,0
801,801,19,36,17,6,1,4,109,RandomAgent,GreedyAgent,RandomAgent,RandomAgent,1
802,802,6,0,55,18,2,4,92,RandomAgent,RandomAgent,GreedyAgent,RandomAgent,2
803,803,13,15,0,76,3,7,173,RandomAgent,RandomAgent,RandomAgent,GreedyAgent,3
804,804,43,2,6,0,0,5,117,GreedyAgent,RandomAgent,RandomAgent,RandomAgent,0
805,805,8,72,6,0,1,6,140,RandomAgent,GreedyAgent,RandomAgent,RandomAgent,1
806,806,0,9,73,6,2,6,150,RandomAgent,RandomAgent,GreedyAgent,RandomAgent,2
807,807,9,10,28,24,2,4,93,RandomAgent,RandomAgent,RandomAgent,GreedyAgent,3
808,808,52,21,9,12,0,6,136,GreedyAgent,RandomAgent,RandomAgent,RandomAgent,0
809,809,15,47,3,3,1,4,99,RandomAgent,GreedyAgent,RandomAgent,RandomAgent,1
810,810,13,31,52,25,2,7,150,RandomAgent,RandomAgent,GreedyAgent,RandomAgent,2
811,811,11,4,11,57,3,5,120,RandomAgent,RandomAgent,RandomAgent,GreedyAgent,3
812,812,33,28,26,13,0,6,145,GreedyAgent,RandomAgent,RandomAgent,RandomAgent,0
813,813,6,65,20,22,1,7,159,RandomAgent,GreedyAgent,RandomAgent,RandomAgent,1
814,814,17,13,33,14,2,5,130,RandomAgent,RandomAgent,GreedyAgent,RandomAgent,2
815,815,29,13,12,34,3,5,127,RandomAgent,RandomAgent,RandomAgent,GreedyAgent,3
816,816,65,15,16,10,0,7,169,GreedyAgent,RandomAgent,RandomAgent,RandomAgent,0
817,817,16,73,16,16,1,7,153,RandomAgent,GreedyAgent,RandomAgent,RandomAgent,1
818,818,6,0,62,23,2,5,133,RandomAgent,RandomAgent,GreedyAgent,RandomAgent,2
819,819,19,24,0,53,3,5,124,RandomAgent,RandomAgent,RandomAgent,GreedyAgent,3
820,820,42,10,19,18,0,4,110,GreedyAgent,RandomAgent,RandomAgent,RandomAgent,0
821,821,1,35,13,13,1,4,81,RandomAgent,GreedyAgent,RandomAgent,RandomAgent,1
822,822,13,25,32,14,2,5,115,RandomAgent,RandomAgent,GreedyAgent,RandomAgent,2
823,823,7,9,14,41,3,3,91,RandomAgent,RandomAgent,RandomAgent,GreedyAgent,3
824,824,62,13,23,3,0,6,145,GreedyAgent,RandomAgent,RandomAgent,RandomAgent,0
825,825,18,38,1,30,1,4,102,RandomAgent,GreedyAgent,RandomAgent,RandomAgent,1
826,826,24,9,51,1,2,4,91,RandomAgent,RandomAgent,GreedyAgent,RandomAgent,2
827,827,25,18,4,72,3,8,187,RandomAgent,RandomAgent,RandomAgent,GreedyAgent,3
828,828,51,28,11,12,0,6,146,GreedyAgent,RandomAgent,RandomAgent,RandomAgent,0
829,829,33,43,4,13,1,6,127,RandomAgent,GreedyAgent,RandomAgent,RandomAgent,1
830,830,19,5,67,4,2,5,115,RandomAgent,RandomAgent,GreedyAgent,RandomAgent,2
831,831,15,0,13,52,3,5,130,RandomAgent,RandomAgent,RandomAgent,GreedyAgent,3
832,832,44,0,0,25,0,5,108,GreedyAgent,RandomAgent,RandomAgent,RandomAgent,0
833,833,14,66,13,0,1,6,145,RandomAgent,GreedyAgent,RandomAgent,RandomAgent,1
834,834,27,7,50,4,2,5,112,RandomAgent,RandomAgent,GreedyAgent,RandomAgent,2
835,835,9,14,14,48,3,5,128,RandomAgent,RandomAgent,RandomAgent,GreedyAgent,3
836,836,55,11,25,19,0,6,156,GreedyAgent,RandomAgent,RandomAgent,RandomAgent,0
837,837,12,56,9,18,1,6,145,RandomAgent,GreedyAgent,RandomAgent,RandomAgent,1
838,838,19,19,60,10,2,6,159,RandomAgent,RandomAgent,GreedyAgent,RandomAgent,2
839,839,7,0,9,72,3,7,159,RandomAgent,RandomAgent,RandomAgent,GreedyAgent,3
840,840,55,21,12,16,0,6,147,GreedyAgent,RandomAgent,RandomAgent,RandomAgent,0
841,841,15,60,10,13,1,5,116,RandomAgent,GreedyAgent,RandomAgent,RandomAgent,1
842,842,10,4,59,8,2,6,149,RandomAgent,RandomAgent,GreedyAgent,RandomAgent,2
843,843,17,8,0,46,3,6,124,RandomAgent,RandomAgent,RandomAgent,GreedyAgent,3
844,844,62,18,13,14,0,5,114,GreedyAgent,RandomAgent,RandomAgent,RandomAgent,0
845,845,13,36,17,18,1,4,104,RandomAgent,GreedyAgent,RandomAgent,RandomAgent,1
846,846,31,9,61,5,2,6,137,RandomAgent,RandomAgent,GreedyAgent,RandomAgent,2
847,847,43,14,2,27,0,5,122,RandomAgent,RandomAgent,RandomAgent,GreedyAgent,3
848,848,46,8,24,24,0,6,142,GreedyAgent,RandomAgent,RandomAgent,RandomAgent,0
849,849,13,58,8,19,1,5,117,RandomAgent,GreedyAgent,RandomAgent,RandomAgent,1
850,850,12,16,37,15,2,5,130,RandomAgent,RandomAgent,GreedyAgent,RandomAgent,2
851,851,22,7,0,83,3,8,207,RandomAgent,RandomAgent,RandomAgent,GreedyAgent,3
852,852,91,5,13,26,0,7,158,GreedyAgent,RandomAgent,RandomAgent,RandomAgent,0
853,853,10,46,16,16,1,6,116,RandomAgent,GreedyAgent,RandomAgent,RandomAgent,1
854,854,3,19,42,16,2,5,116,RandomAgent,RandomAgent,GreedyAgent,RandomAgent,2
855,855,14,6,9,87,3,7,180,RandomAgent,RandomAgent,RandomAgent,GreedyAgent,3
856,856,73,4,1,27,0,6,141,GreedyAgent,RandomAgent,RandomAgent,RandomAgent,0
857,857,19,48,15,11,1,5,138,RandomAgent,GreedyAgent,RandomAgent,RandomAgent,1
858,858,16,8,40,24,2,5,128,RandomAgent,RandomAgent,GreedyAgent,RandomAgent,2
859,859,22,5,10,32,3,4,95,RandomAgent,RandomAgent,RandomAgent,GreedyAgent,3
860,860,30,16,7,22,0,3,83,GreedyAgent,RandomAgent,RandomAgent,RandomAgent,0
861,861,10,51,0,46,1,6,149,RandomAgent,GreedyAgent,RandomAgent,RandomAgent,1
862,862,20,8,32,14,2,4,98,RandomAgent,RandomAgent,GreedyAgent,RandomAgent,2
863,863,12,13,15,42,3,4,114,RandomAgent,RandomAgent,RandomAgent,GreedyAgent,3
864,864,70,28,12,7,0,7,170,GreedyAgent,RandomAgent,RandomAgent,RandomAgent,0
865,865,18,52,8,9,1,4,95,RandomAgent,GreedyAgent,RandomAgent,RandomAgent,1
866,866,54,1,44,0,0,5,137,RandomAgent,RandomAgent,GreedyAgent,RandomAgent,2
867,867,18,4,0,47,3,5,128,RandomAgent,RandomAgent,RandomAgent,GreedyAgent,3
868,868,88,4,6,4,0,6,162,GreedyAgent,RandomAgent,RandomAgent,RandomAgent,0
869,869,11,56,25,6,1,6,143,RandomAgent,GreedyAgent,RandomAgent,RandomAgent,1
870,870,17,12,65,13,2,6,145,RandomAgent,RandomAgent,GreedyAgent,RandomAgent,2
871,871,24,15,9,44,3,5,107,RandomAgent,RandomAgent,RandomAgent,GreedyAgent,3
872,872,37,15,13,7,0,4,78,GreedyAgent,RandomAgent,RandomAgent,RandomAgent,0
873,873,31,68,0,4,1,5,132,RandomAgent,GreedyAgent,RandomAgent,RandomAgent,1
874,874,6,12,67,10,2,6,152,RandomAgent,RandomAgent,GreedyAgent,RandomAgent,2
875,875,13,0,0,57,3,6,144,RandomAgent,RandomAgent,RandomAgent,GreedyAgent,3
876,876,64,13,5,21,0,6,131,GreedyAgent,RandomAgent,RandomAgent,RandomAgent,0
877,877,10,64,3,23,1,6,140,RandomAgent,GreedyAgent,RandomAgent,RandomAgent,1
878,878,16,28,39,16,2,5,115,RandomAgent,RandomAgent,GreedyAgent,RandomAgent,2
879,879,4,7,10,57,3,4,104,RandomAgent,RandomAgent,RandomAgent,GreedyAgent,3
880,880,29,14,30,2,2,5,130,GreedyAgent,RandomAgent,RandomAgent,RandomAgent,0
881,881,0,46,24,30,1,5,122,RandomAgent,GreedyAgent,RandomAgent,RandomAgent,1
882,882,12,13,38,17,2,5,124,RandomAgent,RandomAgent,GreedyAgent,RandomAgent,2
883,883,11,14,5,34,3,5,107,RandomAgent,RandomAgent,RandomAgent,GreedyAgent,3
884,884,44,23,11,5,0,5,123,GreedyAgent,RandomAgent,RandomAgent,RandomAgent,0
885,885,24,38,10,9,1,4,102,RandomAgent,GreedyAgent,RandomAgent,RandomAgent,1
886,886,4,0,54,14,2,4,111,RandomAgent,RandomAgent,GreedyAgent,RandomAgent,2
887,887,8,31,26,36,3,5,109,RandomAgent,RandomAgent,RandomAgent,GreedyAgent,3
888,888,56,4,2,15,0,6,126,GreedyAgent,RandomAgent,RandomAgent,RandomAgent,0
889,889,0,58,7,20,1,5,125,RandomAgent,GreedyAgent,RandomAgent,RandomAgent,1
890,890,3,20,48,22,2,6,132,RandomAgent,RandomAgent,GreedyAgent,RandomAgent,2
891,891,16,28,11,26,1,4,105,RandomAgent,RandomAgent,RandomAgent,GreedyAgent,3
892,892,42,6,3,8,0,4,102,GreedyAgent,RandomAgent,RandomAgent,RandomAgent,0
893,893,3,68,12,13,1,7,149,RandomAgent,GreedyAgent,RandomAgent,RandomAgent,1
894,894,7,3,39,15,2,4,90,RandomAgent,RandomAgent,GreedyAgent,RandomAgent,2
895,895,22,4,16,43,3,6,143,RandomAgent,RandomAgent,RandomAgent,GreedyAgent,3
896,896,52,13,0,21,0,5,128,GreedyAgent,RandomAgent,RandomAgent,RandomAgent,0
897,897,16,30,19,2,1,5,131,RandomAgent,GreedyAgent,RandomAgent,RandomAgent,1
898,898,8,17,38,7,2,5,111,RandomAgent,RandomAgent,GreedyAgent,RandomAgent,2
899,899,9,0,19,60,3,7,141,RandomAgent,RandomAgent,RandomAgent,GreedyAgent,3
900,900,56,12,26,5,0,6,138,GreedyAgent,RandomAgent,RandomAgent,RandomAgent,0
901,901,14,51,0,16,1,5,113,RandomAgent,GreedyAgent,RandomAgent,RandomAgent,1
902,902,4,12,62,7,2,5,119,RandomAgent,RandomAgent,GreedyAgent,RandomAgent,2
903,903,3,12,38,53,3,7,160,RandomAgent,RandomAgent,RandomAgent,GreedyAgent,3
904,904,47,8,18,5,0,4,102,GreedyAgent,RandomAgent,RandomAgent,RandomAgent,0
905,905,2,47,11,10,1,5,108,RandomAgent,GreedyAgent,RandomAgent,RandomAgent,1
906,906,11,19,49,10,2,6,152,RandomAgent,RandomAgent,GreedyAgent,RandomAgent,2
907,907,14,15,10,48,3,5,125,RandomAgent,RandomAgent,RandomAgent,GreedyAgent,3
908,908,50,28,3,18,0,7,159,GreedyAgent,RandomAgent,RandomAgent,RandomAgent,0
909,909,12,101,0,8,1,8,181,RandomAgent,GreedyAgent,RandomAgent,RandomAgent,1
910,910,9,0,62,16,2,6,166,RandomAgent,RandomAgent,GreedyAgent,RandomAgent,2
911,911,0,1,20,68,3,6,135,RandomAgent,RandomAgent,RandomAgent,GreedyAgent,3
912,912,43,4,10,25,0,4,98,GreedyAgent,RandomAgent,RandomAgent,RandomAgent,0
913,913,19,74,14,2,1,7,160,RandomAgent,GreedyAgent,RandomAgent,RandomAgent,1
914,914,22,19,16,25,3,6,143,RandomAgent,RandomAgent,GreedyAgent,RandomAgent,2
915,915,1,31,30,45,3,6,143,RandomAgent,RandomAgent,RandomAgent,GreedyAgent,3
916,916,48,7,7,19,0,4,113,GreedyAgent,RandomAgent,RandomAgent,RandomAgent,0
917,917,16,43,1,14,1,4,84,RandomAgent,GreedyAgent,RandomAgent,RandomAgent,1
918,918,4,13,50,10,2,4,115,RandomAgent,RandomAgent,GreedyAgent,RandomAgent,2
919,919,0,21,4,40,3,4,115,RandomAgent,RandomAgent,RandomAgent,GreedyAgent,3
920,920,39,30,11,17,0,5,113,GreedyAgent,RandomAgent,RandomAgent,RandomAgent,0
921,921,5,38,1,21,1,5,129,RandomAgent,GreedyAgent,RandomAgent,RandomAgent,1
922,922,7,18,49,7,2,4,106,RandomAgent,RandomAgent,GreedyAgent,RandomAgent,2
923,923,14,33,12,47,3,6,154,RandomAgent,RandomAgent,RandomAgent,GreedyAgent,3
924,924,47,10,2,15,0,6,148,GreedyAgent,RandomAgent,RandomAgent,RandomAgent,0
925,925,9,63,7,29,1,7,153,RandomAgent,GreedyAgent,RandomAgent,RandomAgent,1
926,926,5,24,38,13,2,6,120,RandomAgent,RandomAgent,GreedyAgent,RandomAgent,2
927,927,10,32,18,54,3,7,157,RandomAgent,RandomAgent,RandomAgent,GreedyAgent,3
928,928,76,19,6,26,0,8,186,GreedyAgent,RandomAgent,RandomAgent,RandomAgent,0
929,929,4,51,12,13,1,5,125,RandomAgent,GreedyAgent,RandomAgent,RandomAgent,1
930,930,4,28,56,19,2,6,129,RandomAgent,RandomAgent,GreedyAgent,RandomAgent,2
931,931,0,16,5,47,3,5,121,RandomAgent,RandomAgent,RandomAgent,GreedyAgent,3
932,932,47,15,0,5,0,5,121,GreedyAgent,RandomAgent,RandomAgent,RandomAgent,0
933,933,21,35,16,10,1,4,103,RandomAgent,GreedyAgent,RandomAgent,RandomAgent,1
934,934,14,18,43,14,2,6,147,RandomAgent,RandomAgent,GreedyAgent,RandomAgent,2
935,935,19,35,14,56,3,6,138,RandomAgent,RandomAgent,RandomAgent,GreedyAgent,3
936,936,38,9,24,11,0,5,110,GreedyAgent,RandomAgent,RandomAgent,RandomAgent,0
937,937,18,24,6,33,3,4,82,RandomAgent,GreedyAgent,RandomAgent,RandomAgent,1
938,938,16,18,53,12,2,5,117,RandomAgent,RandomAgent,GreedyAgent,RandomAgent,2
939,939,20,22,0,85,3,7,165,RandomAgent,RandomAgent,RandomAgent,GreedyAgent,3
940,940,48,13,9,4,0,6,143,GreedyAgent,RandomAgent,RandomAgent,RandomAgent,0
941,941,4,35,11,22,1,4,89,RandomAgent,GreedyAgent,RandomAgent,RandomAgent,1
942,942,7,34,33,13,1,5,117,RandomAgent,RandomAgent,GreedyAgent,RandomAgent,2
943,943,19,1,2,35,3,4,102,RandomAgent,RandomAgent,RandomAgent,GreedyAgent,3
944,944,60,26,17,8,0,8,178,GreedyAgent,RandomAgent,RandomAgent,RandomAgent,0
945,945,3,51,5,8,1,6,124,RandomAgent,GreedyAgent,RandomAgent,RandomAgent,1
946,946,20,20,56,5,2,5,138,RandomAgent,RandomAgent,GreedyAgent,RandomAgent,2
947,947,20,15,27,38,3,5,118,RandomAgent,RandomAgent,RandomAgent,GreedyAgent,3
948,948,62,15,5,10,0,6,133,GreedyAgent,RandomAgent,RandomAgent,RandomAgent,0
949,949,5,66,11,10,1,6,147,RandomAgent,GreedyAgent,RandomAgent,RandomAgent,1
950,950,21,10,31,3,2,5,123,RandomAgent,RandomAgent,GreedyAgent,RandomAgent,2
951,951,1,3,4,49,3,4,111,RandomAgent,RandomAgent,RandomAgent,GreedyAgent,3
952,952,63,13,13,14,0,6,150,GreedyAgent,RandomAgent,RandomAgent,RandomAgent,0
953,953,3,55,3,18,1,6,142,RandomAgent,GreedyAgent,RandomAgent,RandomAgent,1
954,954,1,11,45,9,2,3,80,RandomAgent,RandomAgent,GreedyAgent,RandomAgent,2
955,955,12,17,21,45,3,5,116,RandomAgent,RandomAgent,RandomAgent,GreedyAgent,3
956,956,42,36,6,12,0,5,120,GreedyAgent,RandomAgent,RandomAgent,RandomAgent,0
957,957,10,44,6,10,1,5,123,RandomAgent,GreedyAgent,RandomAgent,RandomAgent,1
958,958,0,28,58,2,2,5,136,RandomAgent,RandomAgent,GreedyAgent,RandomAgent,2
959,959,26,20,0,62,3,7,162,RandomAgent,RandomAgent,RandomAgent,GreedyAgent,3
960,960,53,16,1,7,0,5,127,GreedyAgent,RandomAgent,RandomAgent,RandomAgent,0
961,961,16,61,1,20,1,6,138,RandomAgent,GreedyAgent,RandomAgent,RandomAgent,1
962,962,13,25,45,0,2,4,112,RandomAgent,RandomAgent,GreedyAgent,RandomAgent,2
963,963,11,18,29,47,3,7,148,RandomAgent,RandomAgent,RandomAgent,GreedyAgent,3
964,964,38,25,6,4,0,5,122,GreedyAgent,RandomAgent,RandomAgent,RandomAgent,0
965,965,19,54,23,14,1,7,151,RandomAgent,GreedyAgent,RandomAgent,RandomAgent,1
966,966,6,6,59,10,2,6,142,RandomAgent,RandomAgent,GreedyAgent,RandomAgent,2
967,967,14,9,24,51,3,5,113,RandomAgent,RandomAgent,RandomAgent,GreedyAgent,3
968,968,52,1,3,17,0,5,128,GreedyAgent,RandomAgent,RandomAgent,RandomAgent,0
969,969,7,64,0,9,1,6,157,RandomAgent,GreedyAgent,RandomAgent,RandomAgent,1
970,970,8,6,46,24,2,5,134,RandomAgent,RandomAgent,GreedyAgent,RandomAgent,2
971,971,21,20,0,92,3,8,204,RandomAgent,RandomAgent,RandomAgent,GreedyAgent,3
972,972,39,22,12,5,0,4,113,GreedyAgent,RandomAgent,RandomAgent,RandomAgent,0
973,973,12,66,15,12,1,6,146,RandomAgent,GreedyAgent,RandomAgent,RandomAgent,1
974,974,24,21,43,5,2,5,126,RandomAgent,RandomAgent,GreedyAgent,RandomAgent,2
975,975,2,17,10,44,3,3,82,RandomAgent,RandomAgent,RandomAgent,GreedyAgent,3
976,976,65,0,8,16,0,5,137,GreedyAgent,RandomAgent,RandomAgent,RandomAgent,0
977,977,32,31,7,22,0,5,117,RandomAgent,GreedyAgent,RandomAgent,RandomAgent,1
978,978,2,6,79,5,2,6,147,RandomAgent,RandomAgent,GreedyAgent,RandomAgent,2
979,979,17,15,34,39,3,7,148,RandomAgent,RandomAgent,RandomAgent,GreedyAgent,3
980,980,37,10,6,26,0,4,100,GreedyAgent,RandomAgent,RandomAgent,RandomAgent,0
981,981,19,52,16,15,1,7,167,RandomAgent,GreedyAgent,RandomAgent,RandomAgent,1
982,982,10,3,78,4,2,6,151,RandomAgent,RandomAgent,GreedyAgent,RandomAgent,2
983,983,5,5,4,38,3,4,111,RandomAgent,RandomAgent,RandomAgent,GreedyAgent,3
984,984,56,8,4,12,0,6,139,GreedyAgent,RandomAgent,RandomAgent,RandomAgent,0
985,985,4,81,45,13,1,10,242,RandomAgent,GreedyAgent,RandomAgent,RandomAgent,1
986,986,15,13,38,5,2,5,119,RandomAgent,RandomAgent,GreedyAgent,RandomAgent,2
987,987,26,19,2,21,0,4,77,RandomAgent,RandomAgent,RandomAgent,GreedyAgent,3
988,988,50,9,5,19,0,5,125,GreedyAgent,RandomAgent,RandomAgent,RandomAgent,0
989,989,1,43,16,23,1,5,119,RandomAgent,GreedyAgent,RandomAgent,RandomAgent,1
990,990,1,25,55,3,2,5,123,RandomAgent,RandomAgent,GreedyAgent,RandomAgent,2
991,991,8,24,2,51,3,5,110,RandomAgent,RandomAgent,RandomAgent,GreedyAgent,3
992,992,42,24,11,10,0,7,169,GreedyAgent,RandomAgent,RandomAgent,RandomAgent,0
993,993,29,32,0,24,1,5,117,RandomAgent,GreedyAgent,RandomAgent,RandomAgent,1
994,994,22,4,48,5,2,5,124,RandomAgent,RandomAgent,GreedyAgent,RandomAgent,2
995,995,8,30,6,44,3,5,139,RandomAgent,RandomAgent,RandomAgent,GreedyAgent,3
996,996,72,19,14,7,0,7,166,GreedyAgent,RandomAgent,RandomAgent,RandomAgent,0
997,997,20,32,31,9,1,6,136,RandomAgent,GreedyAgent,RandomAgent,RandomAgent,1
998,998,0,4,50,0,2,4,87,RandomAgent,RandomAgent,GreedyAgent,RandomAgent,2
999,999,7,25,0,60,3,6,154,RandomAgent,RandomAgent,RandomAgent,GreedyAgent,3
