game_index,seed,score_0,score_1,winner,num_legs,num_turns,agent_seat_0,agent_seat_1,first_player
0,0,46,5,0,4,83,GreedyAgent,RandomAgent,0
1,1,14,50,1,4,78,RandomAgent,GreedyAgent,1
2,2,49,10,0,5,96,GreedyAgent,RandomAgent,0
3,3,7,96,1,5,93,RandomAgent,GreedyAgent,1
4,4,80,7,0,5,95,GreedyAgent,RandomAgent,0
5,5,26,64,1,5,84,RandomAgent,GreedyAgent,1
6,6,90,16,0,6,102,GreedyAgent,RandomAgent,0
7,7,23,76,1,6,103,RandomAgent,GreedyAgent,1
8,8,101,0,0,6,117,GreedyAgent,RandomAgent,0
9,9,26,50,1,4,68,RandomAgent,GreedyAgent,1
10,10,90,16,0,7,126,GreedyAgent,RandomAgent,0
11,11,12,86,1,5,96,RandomAgent,GreedyAgent,1
12,12,100,19,0,6,107,GreedyAgent,RandomAgent,0
13,13,13,92,1,5,100,RandomAgent,GreedyAgent,1
14,14,97,4,0,5,99,GreedyAgent,RandomAgent,0
15,15,10,97,1,6,96,RandomAgent,GreedyAgent,1
16,16,91,23,0,7,133,GreedyAgent,RandomAgent,0
17,17,25,50,1,6,95,RandomAgent,GreedyAgent,1
18,18,79,6,0,5,87,GreedyAgent,RandomAgent,0
19,19,14,72,1,5,94,RandomAgent,GreedyAgent,1
20,20,106,0,0,6,118,GreedyAgent,RandomAgent,0
21,21,0,66,1,4,86,RandomAgent,GreedyAgent,1
22,22,69,5,0,4,71,GreedyAgent,RandomAgent,0
23,23,15,58,1,5,85,RandomAgent,GreedyAgent,1
24,24,80,6,0,5,85,GreedyAgent,RandomAgent,0
25,25,8,76,1,6,95,RandomAgent,GreedyAgent,1
26,26,68,5,0,4,87,GreedyAgent,RandomAgent,0
27,27,14,83,1,5,97,RandomAgent,GreedyAgent,1
28,28,65,4,0,5,82,GreedyAgent,RandomAgent,0
29,29,15,89,1,6,116,RandomAgent,GreedyAgent,1
30,30,52,27,0,4,81,GreedyAgent,RandomAgent,0
31,31,8,59,1,3,62,RandomAgent,GreedyAgent,1
32,32,72,29,0,5,82,GreedyAgent,RandomAgent,0
33,33,37,44,1,4,62,RandomAgent,GreedyAgent,1
34,34,62,18,0,4,72,GreedyAgent,RandomAgent,0
35,35,18,59,1,5,99,RandomAgent,GreedyAgent,1
36,36,57,42,0,5,80,GreedyAgent,RandomAgent,0
37,37,7,65,1,3,59,RandomAgent,GreedyAgent,1
38,38,93,10,0,5,79,GreedyAgent,RandomAgent,0
39,39,29,86,1,6,112,RandomAgent,GreedyAgent,1
40,40,86,12,0,5,94,GreedyAgent,RandomAgent,0
41,41,26,69,1,6,110,RandomAgent,GreedyAgent,1
42,42,84,12,0,6,115,GreedyAgent,RandomAgent,0
43,43,19,86,1,6,104,RandomAgent,GreedyAgent,1
44,44,114,0,0,6,113,GreedyAgent,RandomAgent,0
45,45,18,75,1,5,89,RandomAgent,GreedyAgent,1
46,46,63,18,0,4,68,GreedyAgent,RandomAgent,0
47,47,9,90,1,6,114,RandomAgent,GreedyAgent,1
48,48,85,13,0,5,90,GreedyAgent,RandomAgent,0
49,49,2,82,1,5,87,RandomAgent,GreedyAgent,1
50,50,81,7,0,6,100,GreedyAgent,RandomAgent,0
51,51,6,94,1,5,89,RandomAgent,GreedyAgent,1
52,52,89,21,0,6,98,GreedyAgent,RandomAgent,0
53,53,27,80,1,6,116,RandomAgent,GreedyAgent,1
54,54,59,27,0,4,77,GreedyAgent,RandomAgent,0
55,55,12,56,1,3,65,RandomAgent,GreedyAgent,1
56,56,78,25,0,5,97,GreedyAgent,RandomAgent,0
57,57,31,67,1,6,100,RandomAgent,GreedyAgent,1
58,58,56,26,0,4,79,GreedyAgent,RandomAgent,0
59,59,21,73,1,6,117,RandomAgent,GreedyAgent,1
60,60,72,11,0,5,88,GreedyAgent,RandomAgent,0
61,61,19,80,1,6,95,RandomAgent,GreedyAgent,1
62,62,70,16,0,5,99,GreedyAgent,RandomAgent,0
63,63,36,83,1,7,127,RandomAgent,GreedyAgent,1
64,64,88,20,0,5,89,GreedyAgent,RandomAgent,0
65,65,0,72,1,5,94,RandomAgent,GreedyAgent,1
66,66,70,16,0,5,97,GreedyAgent,RandomAgent,0
67,67,6,84,1,5,98,RandomAgent,GreedyAgent,1
68,68,99,11,0,6,123,GreedyAgent,RandomAgent,0
69,69,20,78,1,6,106,RandomAgent,GreedyAgent,1
70,70,52,27,0,4,76,GreedyAgent,RandomAgent,0
71,71,7,113,1,7,137,RandomAgent,GreedyAgent,1
72,72,38,26,0,3,65,GreedyAgent,RandomAgent,0
73,73,22,104,1,7,121,RandomAgent,GreedyAgent,1
74,74,55,26,0,4,68,GreedyAgent,RandomAgent,0
75,75,12,84,1,7,131,RandomAgent,GreedyAgent,1
76,76,93,17,0,7,116,GreedyAgent,RandomAgent,0
77,77,5,111,1,7,124,RandomAgent,GreedyAgent,1
78,78,99,21,0,6,110,GreedyAgent,RandomAgent,0
79,79,13,60,1,4,68,RandomAgent,GreedyAgent,1
80,80,67,18,0,6,114,GreedyAgent,RandomAgent,0
81,81,4,84,1,6,112,RandomAgent,GreedyAgent,1
82,82,81,25,0,5,94,GreedyAgent,RandomAgent,0
83,83,11,90,1,5,89,RandomAgent,GreedyAgent,1
84,84,92,5,0,5,93,GreedyAgent,RandomAgent,0
85,85,24,74,1,5,85,RandomAgent,GreedyAgent,1
86,86,96,5,0,7,117,GreedyAgent,RandomAgent,0
87,87,17,73,1,5,82,RandomAgent,GreedyAgent,1
88,88,93,12,0,7,127,GreedyAgent,RandomAgent,0
89,89,0,95,1,6,99,RandomAgent,GreedyAgent,1
90,90,99,24,0,7,116,GreedyAgent,RandomAgent,0
91,91,10,95,1,6,101,RandomAgent,GreedyAgent,1
92,92,75,16,0,5,93,GreedyAgent,RandomAgent,0
93,93,17,99,1,5,104,RandomAgent,GreedyAgent,1
94,94,74,0,0,5,91,GreedyAgent,RandomAgent,0
95,95,13,91,1,5,100,RandomAgent,GreedyAgent,1
96,96,60,3,0,4,60,GreedyAgent,RandomAgent,0
97,97,18,74,1,5,104,RandomAgent,GreedyAgent,1
98,98,51,28,0,4,80,GreedyAgent,RandomAgent,0
99,99,0,60,1,4,78,RandomAgent,GreedyAgent,1
100,100,85,20,0,6,110,GreedyAgent,RandomAgent,0
101,101,15,73,1,5,98,RandomAgent,GreedyAgent,1
102,102,70,22,0,4,68,GreedyAgent,RandomAgent,0
103,103,13,63,1,4,74,RandomAgent,GreedyAgent,1
104,104,40,30,0,4,70,GreedyAgent,RandomAgent,0
105,105,7,57,1,3,68,RandomAgent,GreedyAgent,1
106,106,67,25,0,5,99,GreedyAgent,RandomAgent,0
107,107,20,33,1,3,43,RandomAgent,GreedyAgent,1
108,108,88,13,0,5,97,GreedyAgent,RandomAgent,0
109,109,18,53,1,4,65,RandomAgent,GreedyAgent,1
110,110,51,34,0,5,100,GreedyAgent,RandomAgent,0
111,111,29,77,1,6,104,RandomAgent,GreedyAgent,1
112,112,87,7,0,6,100,GreedyAgent,RandomAgent,0
113,113,23,73,1,5,106,RandomAgent,GreedyAgent,1
114,114,91,20,0,7,120,GreedyAgent,RandomAgent,0
115,115,6,61,1,4,67,RandomAgent,GreedyAgent,1
116,116,64,16,0,5,99,GreedyAgent,RandomAgent,0
117,117,6,85,1,6,96,RandomAgent,GreedyAgent,1
118,118,79,6,0,5,99,GreedyAgent,RandomAgent,0
119,119,0,111,1,6,128,RandomAgent,GreedyAgent,1
120,120,103,33,0,8,145,GreedyAgent,RandomAgent,0
121,121,32,86,1,6,108,RandomAgent,GreedyAgent,1
122,122,75,23,0,5,94,GreedyAgent,RandomAgent,0
123,123,3,73,1,5,96,RandomAgent,GreedyAgent,1
124,124,68,3,0,4,88,GreedyAgent,RandomAgent,0
125,125,8,83,1,5,94,RandomAgent,GreedyAgent,1
126,126,64,32,0,5,97,GreedyAgent,RandomAgent,0
127,127,21,88,1,6,101,RandomAgent,GreedyAgent,1
128,128,74,24,0,6,112,GreedyAgent,RandomAgent,0
129,129,27,67,1,6,115,RandomAgent,GreedyAgent,1
130,130,48,28,0,6,108,GreedyAgent,RandomAgent,0
131,131,32,61,1,4,68,RandomAgent,GreedyAgent,1
132,132,80,16,0,5,87,GreedyAgent,RandomAgent,0
133,133,12,90,1,6,110,RandomAgent,GreedyAgent,1
134,134,67,0,0,4,73,GreedyAgent,RandomAgent,0
135,135,31,52,1,5,88,RandomAgent,GreedyAgent,1
136,136,43,30,0,4,71,GreedyAgent,RandomAgent,0
137,137,7,65,1,6,102,RandomAgent,GreedyAgent,1
138,138,67,6,0,5,86,GreedyAgent,RandomAgent,0
139,139,17,67,1,5,93,RandomAgent,GreedyAgent,1
140,140,32,12,0,4,65,GreedyAgent,RandomAgent,0
141,141,10,87,1,7,130,RandomAgent,GreedyAgent,1
142,142,68,13,0,5,84,GreedyAgent,RandomAgent,0
143,143,17,106,1,7,120,RandomAgent,GreedyAgent,1
144,144,71,26,0,6,107,GreedyAgent,RandomAgent,0
145,145,39,94,1,8,136,RandomAgent,GreedyAgent,1
146,146,100,37,0,8,142,GreedyAgent,RandomAgent,0
147,147,10,71,1,5,107,RandomAgent,GreedyAgent,1
148,148,62,11,0,5,76,GreedyAgent,RandomAgent,0
149,149,17,113,1,7,130,RandomAgent,GreedyAgent,1
150,150,91,19,0,6,102,GreedyAgent,RandomAgent,0
151,151,31,58,1,6,96,RandomAgent,GreedyAgent,1
152,152,51,1,0,4,64,GreedyAgent,RandomAgent,0
153,153,8,82,1,5,88,RandomAgent,GreedyAgent,1
154,154,104,21,0,7,127,GreedyAgent,RandomAgent,0
155,155,13,78,1,5,90,RandomAgent,GreedyAgent,1
156,156,91,18,0,6,111,GreedyAgent,RandomAgent,0
157,157,4,90,1,6,104,RandomAgent,GreedyAgent,1
158,158,67,22,0,4,80,GreedyAgent,RandomAgent,0
159,159,17,44,1,6,108,RandomAgent,GreedyAgent,1
160,160,64,23,0,4,70,GreedyAgent,RandomAgent,0
161,161,27,59,1,4,66,RandomAgent,GreedyAgent,1
162,162,92,8,0,5,77,GreedyAgent,RandomAgent,0
163,163,9,101,1,6,118,RandomAgent,GreedyAgent,1
164,164,65,15,0,4,79,GreedyAgent,RandomAgent,0
165,165,20,73,1,6,108,RandomAgent,GreedyAgent,1
166,166,90,0,0,5,96,GreedyAgent,RandomAgent,0
167,167,9,112,1,7,128,RandomAgent,GreedyAgent,1
168,168,81,20,0,5,82,GreedyAgent,RandomAgent,0
169,169,22,72,1,5,96,RandomAgent,GreedyAgent,1
170,170,95,9,0,7,109,GreedyAgent,RandomAgent,0
171,171,18,110,1,7,135,RandomAgent,GreedyAgent,1
172,172,74,17,0,5,89,GreedyAgent,RandomAgent,0
173,173,24,45,1,3,46,RandomAgent,GreedyAgent,1
174,174,64,13,0,3,65,GreedyAgent,RandomAgent,0
175,175,23,72,1,5,101,RandomAgent,GreedyAgent,1
176,176,92,16,0,6,118,GreedyAgent,RandomAgent,0
177,177,0,84,1,4,80,RandomAgent,GreedyAgent,1
178,178,62,20,0,4,65,GreedyAgent,RandomAgent,0
179,179,13,81,1,5,81,RandomAgent,GreedyAgent,1
180,180,124,7,0,8,157,GreedyAgent,RandomAgent,0
181,181,16,76,1,5,87,RandomAgent,GreedyAgent,1
182,182,78,19,0,5,91,GreedyAgent,RandomAgent,0
183,183,13,69,1,5,108,RandomAgent,GreedyAgent,1
184,184,55,13,0,5,80,GreedyAgent,RandomAgent,0
185,185,33,44,1,5,87,RandomAgent,GreedyAgent,1
186,186,97,8,0,6,110,GreedyAgent,RandomAgent,0
187,187,20,72,1,4,75,RandomAgent,GreedyAgent,1
188,188,102,11,0,7,123,GreedyAgent,RandomAgent,0
189,189,27,54,1,4,63,RandomAgent,GreedyAgent,1
190,190,48,15,0,3,57,GreedyAgent,RandomAgent,0
191,191,16,63,1,5,98,RandomAgent,GreedyAgent,1
192,192,81,25,0,6,107,GreedyAgent,RandomAgent,0
193,193,6,58,1,4,66,RandomAgent,GreedyAgent,1
194,194,63,19,0,6,104,GreedyAgent,RandomAgent,0
195,195,4,79,1,4,82,RandomAgent,GreedyAgent,1
196,196,71,26,0,4,73,GreedyAgent,RandomAgent,0
197,197,22,45,1,5,99,RandomAgent,GreedyAgent,1
198,198,87,25,0,6,103,GreedyAgent,RandomAgent,0
199,199,13,86,1,5,94,RandomAgent,GreedyAgent,1
200,200,80,14,0,5,101,GreedyAgent,RandomAgent,0
201,201,30,57,1,5,77,RandomAgent,GreedyAgent,1
202,202,57,37,0,6,101,GreedyAgent,RandomAgent,0
203,203,0,56,1,5,94,RandomAgent,GreedyAgent,1
204,204,72,19,0,5,81,GreedyAgent,RandomAgent,0
205,205,6,60,1,4,77,RandomAgent,GreedyAgent,1
206,206,50,26,0,4,68,GreedyAgent,RandomAgent,0
207,207,17,67,1,6,103,RandomAgent,GreedyAgent,1
208,208,80,0,0,5,85,GreedyAgent,RandomAgent,0
209,209,1,84,1,5,90,RandomAgent,GreedyAgent,1
210,210,55,31,0,5,83,GreedyAgent,RandomAgent,0
211,211,20,75,1,5,78,RandomAgent,GreedyAgent,1
212,212,104,11,0,7,139,GreedyAgent,RandomAgent,0
213,213,10,56,1,4,82,RandomAgent,GreedyAgent,1
214,214,53,6,0,3,52,GreedyAgent,RandomAgent,0
215,215,7,69,1,5,98,RandomAgent,GreedyAgent,1
216,216,86,11,0,5,75,GreedyAgent,RandomAgent,0
217,217,23,65,1,5,83,RandomAgent,GreedyAgent,1
218,218,84,24,0,5,90,GreedyAgent,RandomAgent,0
219,219,27,75,1,5,110,RandomAgent,GreedyAgent,1
220,220,113,27,0,8,148,GreedyAgent,RandomAgent,0
221,221,36,70,1,5,88,RandomAgent,GreedyAgent,1
222,222,69,29,0,7,114,GreedyAgent,RandomAgent,0
223,223,12,61,1,5,71,RandomAgent,GreedyAgent,1
224,224,76,7,0,4,74,GreedyAgent,RandomAgent,0
225,225,7,63,1,4,80,RandomAgent,GreedyAgent,1
226,226,67,18,0,5,109,GreedyAgent,RandomAgent,0
227,227,12,98,1,6,120,RandomAgent,GreedyAgent,1
228,228,81,0,0,4,77,GreedyAgent,RandomAgent,0
229,229,19,55,1,5,105,RandomAgent,GreedyAgent,1
230,230,63,24,0,6,102,GreedyAgent,RandomAgent,0
231,231,15,76,1,5,101,RandomAgent,GreedyAgent,1
232,232,76,28,0,5,91,GreedyAgent,RandomAgent,0
233,233,30,86,1,6,108,RandomAgent,GreedyAgent,1
234,234,89,15,0,5,91,GreedyAgent,RandomAgent,0
235,235,8,79,1,5,98,RandomAgent,GreedyAgent,1
236,236,84,16,0,5,85,GreedyAgent,RandomAgent,0
237,237,28,67,1,6,111,RandomAgent,GreedyAgent,1
238,238,75,28,0,6,103,GreedyAgent,RandomAgent,0
239,239,16,103,1,7,128,RandomAgent,GreedyAgent,1
240,240,96,4,0,6,101,GreedyAgent,RandomAgent,0
241,241,12,54,1,3,52,RandomAgent,GreedyAgent,1
242,242,82,27,0,5,91,GreedyAgent,RandomAgent,0
243,243,6,102,1,8,152,RandomAgent,GreedyAgent,1
244,244,64,25,0,5,93,GreedyAgent,RandomAgent,0
245,245,36,72,1,6,108,RandomAgent,GreedyAgent,1
246,246,119,29,0,8,143,GreedyAgent,RandomAgent,0
247,247,15,96,1,7,134,RandomAgent,GreedyAgent,1
248,248,84,31,0,7,128,GreedyAgent,RandomAgent,0
249,249,19,95,1,6,104,RandomAgent,GreedyAgent,1
250,250,56,8,0,4,76,GreedyAgent,RandomAgent,0
251,251,10,86,1,5,84,RandomAgent,GreedyAgent,1
252,252,61,9,0,6,96,GreedyAgent,RandomAgent,0
253,253,14,87,1,6,110,RandomAgent,GreedyAgent,1
254,254,113,7,0,6,119,GreedyAgent,RandomAgent,0
255,255,38,75,1,6,97,RandomAgent,GreedyAgent,1
256,256,74,4,0,6,94,GreedyAgent,RandomAgent,0
257,257,9,73,1,5,114,RandomAgent,GreedyAgent,1
258,258,67,10,0,5,97,GreedyAgent,RandomAgent,0
259,259,14,81,1,5,84,RandomAgent,GreedyAgent,1
260,260,50,11,0,4,63,GreedyAgent,RandomAgent,0
261,261,10,85,1,5,104,RandomAgent,GreedyAgent,1
262,262,97,12,0,6,119,GreedyAgent,RandomAgent,0
263,263,31,39,1,4,78,RandomAgent,GreedyAgent,1
264,264,44,25,0,4,77,GreedyAgent,RandomAgent,0
265,265,24,55,1,5,100,RandomAgent,GreedyAgent,1
266,266,72,25,0,5,88,GreedyAgent,RandomAgent,0
267,267,21,56,1,4,74,RandomAgent,GreedyAgent,1
268,268,93,6,0,5,100,GreedyAgent,RandomAgent,0
269,269,16,74,1,5,108,RandomAgent,GreedyAgent,1
270,270,33,17,0,3,50,GreedyAgent,RandomAgent,0
271,271,13,85,1,6,101,RandomAgent,GreedyAgent,1
272,272,98,21,0,6,106,GreedyAgent,RandomAgent,0
273,273,24,73,1,7,141,RandomAgent,GreedyAgent,1
274,274,78,18,0,6,106,GreedyAgent,RandomAgent,0
275,275,35,61,1,5,71,RandomAgent,GreedyAgent,1
276,276,58,35,0,6,123,GreedyAgent,RandomAgent,0
277,277,17,82,1,5,92,RandomAgent,GreedyAgent,1
278,278,73,19,0,5,91,GreedyAgent,RandomAgent,0
279,279,16,87,1,6,116,RandomAgent,GreedyAgent,1
280,280,79,8,0,6,119,GreedyAgent,RandomAgent,0
281,281,31,88,1,6,116,RandomAgent,GreedyAgent,1
282,282,97,17,0,6,102,GreedyAgent,RandomAgent,0
283,283,20,93,1,6,105,RandomAgent,GreedyAgent,1
284,284,77,19,0,5,88,GreedyAgent,RandomAgent,0
285,285,16,68,1,6,93,RandomAgent,GreedyAgent,1
286,286,88,12,0,6,124,GreedyAgent,RandomAgent,0
287,287,20,68,1,5,88,RandomAgent,GreedyAgent,1
288,288,63,13,0,4,68,GreedyAgent,RandomAgent,0
289,289,19,74,1,5,100,RandomAgent,GreedyAgent,1
290,290,88,17,0,6,112,GreedyAgent,RandomAgent,0
291,291,26,101,1,8,133,RandomAgent,GreedyAgent,1
292,292,70,16,0,4,77,GreedyAgent,RandomAgent,0
293,293,17,93,1,7,120,RandomAgent,GreedyAgent,1
294,294,75,31,0,6,106,GreedyAgent,RandomAgent,0
295,295,34,72,1,6,103,RandomAgent,GreedyAgent,1
296,296,67,7,0,5,86,GreedyAgent,RandomAgent,0
297,297,30,72,1,6,112,RandomAgent,GreedyAgent,1
298,298,77,10,0,4,77,GreedyAgent,RandomAgent,0
299,299,0,70,1,5,81,RandomAgent,GreedyAgent,1
300,300,50,41,0,6,116,GreedyAgent,RandomAgent,0
301,301,18,63,1,5,97,RandomAgent,GreedyAgent,1
302,302,59,34,0,6,121,GreedyAgent,RandomAgent,0
303,303,22,57,1,6,116,RandomAgent,GreedyAgent,1
304,304,87,10,0,5,91,GreedyAgent,RandomAgent,0
305,305,8,63,1,3,63,RandomAgent,GreedyAgent,1
306,306,100,19,0,7,125,GreedyAgent,RandomAgent,0
307,307,20,77,1,5,84,RandomAgent,GreedyAgent,1
308,308,103,14,0,6,107,GreedyAgent,RandomAgent,0
309,309,0,92,1,6,119,RandomAgent,GreedyAgent,1
310,310,100,0,0,6,111,GreedyAgent,RandomAgent,0
311,311,26,71,1,5,82,RandomAgent,GreedyAgent,1
312,312,85,23,0,6,103,GreedyAgent,RandomAgent,0
313,313,12,106,1,7,135,RandomAgent,GreedyAgent,1
314,314,56,35,0,5,90,GreedyAgent,RandomAgent,0
315,315,21,82,1,6,110,RandomAgent,GreedyAgent,1
316,316,109,8,0,8,145,GreedyAgent,RandomAgent,0
317,317,24,103,1,7,124,RandomAgent,GreedyAgent,1
318,318,91,14,0,6,96,GreedyAgent,RandomAgent,0
319,319,5,70,1,5,90,RandomAgent,GreedyAgent,1
320,320,80,0,0,4,81,GreedyAgent,RandomAgent,0
321,321,25,91,1,7,114,RandomAgent,GreedyAgent,1
322,322,77,4,0,4,77,GreedyAgent,RandomAgent,0
323,323,0,104,1,7,130,RandomAgent,GreedyAgent,1
324,324,84,8,0,5,92,GreedyAgent,RandomAgent,0
325,325,17,72,1,5,102,RandomAgent,GreedyAgent,1
326,326,82,5,0,4,82,GreedyAgent,RandomAgent,0
327,327,14,73,1,5,115,RandomAgent,GreedyAgent,1
328,328,102,7,0,7,137,GreedyAgent,RandomAgent,0
329,329,33,71,1,7,125,RandomAgent,GreedyAgent,1
330,330,66,34,0,6,98,GreedyAgent,RandomAgent,0
331,331,16,74,1,4,66,RandomAgent,GreedyAgent,1
332,332,90,23,0,6,121,GreedyAgent,RandomAgent,0
333,333,4,109,1,7,128,RandomAgent,GreedyAgent,1
334,334,87,31,0,6,110,GreedyAgent,RandomAgent,0
335,335,22,116,1,7,130,RandomAgent,GreedyAgent,1
336,336,88,6,0,5,94,GreedyAgent,RandomAgent,0
337,337,20,48,1,4,68,RandomAgent,GreedyAgent,1
338,338,85,15,0,5,86,GreedyAgent,RandomAgent,0
339,339,30,39,1,4,80,RandomAgent,GreedyAgent,1
340,340,123,23,0,8,157,GreedyAgent,RandomAgent,0
341,341,7,75,1,5,91,RandomAgent,GreedyAgent,1
342,342,91,33,0,7,110,GreedyAgent,RandomAgent,0
343,343,34,71,1,6,108,RandomAgent,GreedyAgent,1
344,344,91,33,0,7,139,GreedyAgent,RandomAgent,0
345,345,4,77,1,4,76,RandomAgent,GreedyAgent,1
346,346,84,4,0,4,79,GreedyAgent,RandomAgent,0
347,347,1,69,1,5,88,RandomAgent,GreedyAgent,1
348,348,33,6,0,4,72,GreedyAgent,RandomAgent,0
349,349,5,112,1,7,121,RandomAgent,GreedyAgent,1
350,350,67,0,0,5,86,GreedyAgent,RandomAgent,0
351,351,0,77,1,4,75,RandomAgent,GreedyAgent,1
352,352,70,17,0,5,94,GreedyAgent,RandomAgent,0
353,353,2,53,1,4,65,RandomAgent,GreedyAgent,1
354,354,50,27,0,4,78,GreedyAgent,RandomAgent,0
355,355,4,68,1,4,77,RandomAgent,GreedyAgent,1
356,356,107,24,0,7,120,GreedyAgent,RandomAgent,0
357,357,23,66,1,5,90,RandomAgent,GreedyAgent,1
358,358,91,11,0,7,127,GreedyAgent,RandomAgent,0
359,359,19,95,1,7,144,RandomAgent,GreedyAgent,1
360,360,84,11,0,6,112,GreedyAgent,RandomAgent,0
361,361,20,86,1,6,104,RandomAgent,GreedyAgent,1
362,362,80,37,0,6,97,GreedyAgent,RandomAgent,0
363,363,29,70,1,6,98,RandomAgent,GreedyAgent,1
364,364,90,7,0,6,123,GreedyAgent,RandomAgent,0
365,365,13,86,1,6,126,RandomAgent,GreedyAgent,1
366,366,55,42,0,7,132,GreedyAgent,RandomAgent,0
367,367,26,64,1,5,93,RandomAgent,GreedyAgent,1
368,368,105,1,0,7,141,GreedyAgent,RandomAgent,0
369,369,21,66,1,4,75,RandomAgent,GreedyAgent,1
370,370,84,16,0,5,81,GreedyAgent,RandomAgent,0
371,371,25,56,1,4,82,RandomAgent,GreedyAgent,1
372,372,74,19,0,4,70,GreedyAgent,RandomAgent,0
373,373,3,103,1,6,107,RandomAgent,GreedyAgent,1
374,374,59,9,0,4,69,GreedyAgent,RandomAgent,0
375,375,4,95,1,6,116,RandomAgent,GreedyAgent,1
376,376,81,9,0,5,85,GreedyAgent,RandomAgent,0
377,377,28,49,1,4,79,RandomAgent,GreedyAgent,1
378,378,104,18,0,6,97,GreedyAgent,RandomAgent,0
379,379,18,46,1,3,54,RandomAgent,GreedyAgent,1
380,380,67,4,0,4,79,GreedyAgent,RandomAgent,0
381,381,19,56,1,4,66,RandomAgent,GreedyAgent,1
382,382,103,17,0,7,131,GreedyAgent,RandomAgent,0
383,383,36,88,1,7,149,RandomAgent,GreedyAgent,1
384,384,79,24,0,5,87,GreedyAgent,RandomAgent,0
385,385,10,89,1,6,112,RandomAgent,GreedyAgent,1
386,386,61,33,0,6,120,GreedyAgent,RandomAgent,0
387,387,0,84,1,4,86,RandomAgent,GreedyAgent,1
388,388,108,13,0,7,131,GreedyAgent,RandomAgent,0
389,389,3,78,1,4,76,RandomAgent,GreedyAgent,1
390,390,93,16,0,6,117,GreedyAgent,RandomAgent,0
391,391,7,93,1,6,124,RandomAgent,GreedyAgent,1
392,392,48,33,0,4,69,GreedyAgent,RandomAgent,0
393,393,40,101,1,8,134,RandomAgent,GreedyAgent,1
394,394,95,21,0,6,106,GreedyAgent,RandomAgent,0
395,395,24,41,1,3,48,RandomAgent,GreedyAgent,1
396,396,67,37,0,6,100,GreedyAgent,RandomAgent,0
397,397,9,88,1,5,104,RandomAgent,GreedyAgent,1
398,398,62,27,0,5,93,GreedyAgent,RandomAgent,0
399,399,12,95,1,6,100,RandomAgent,GreedyAgent,1
400,400,91,26,0,7,119,GreedyAgent,RandomAgent,0
401,401,13,86,1,6,107,RandomAgent,GreedyAgent,1
402,402,83,31,0,5,84,GreedyAgent,RandomAgent,0
403,403,18,65,1,6,102,RandomAgent,GreedyAgent,1
404,404,100,3,0,8,141,GreedyAgent,RandomAgent,0
405,405,17,69,1,5,85,RandomAgent,GreedyAgent,1
406,406,75,26,0,5,83,GreedyAgent,RandomAgent,0
407,407,24,79,1,5,90,RandomAgent,GreedyAgent,1
408,408,80,4,0,6,112,GreedyAgent,RandomAgent,0
409,409,7,70,1,4,72,RandomAgent,GreedyAgent,1
410,410,84,15,0,6,117,GreedyAgent,RandomAgent,0
411,411,10,68,1,4,84,RandomAgent,GreedyAgent,1
412,412,54,25,0,5,88,GreedyAgent,RandomAgent,0
413,413,0,108,1,6,122,RandomAgent,GreedyAgent,1
414,414,66,10,0,4,73,GreedyAgent,RandomAgent,0
415,415,0,95,1,5,95,RandomAgent,GreedyAgent,1
416,416,94,0,0,5,97,GreedyAgent,RandomAgent,0
417,417,0,89,1,6,121,RandomAgent,GreedyAgent,1
418,418,75,8,0,5,101,GreedyAgent,RandomAgent,0
419,419,4,93,1,6,108,RandomAgent,GreedyAgent,1
420,420,74,24,0,4,71,GreedyAgent,RandomAgent,0
421,421,17,91,1,7,128,RandomAgent,GreedyAgent,1
422,422,96,12,0,6,109,GreedyAgent,RandomAgent,0
423,423,22,58,1,5,94,RandomAgent,GreedyAgent,1
424,424,90,0,0,6,101,GreedyAgent,RandomAgent,0
425,425,16,89,1,5,86,RandomAgent,GreedyAgent,1
426,426,91,7,0,6,115,GreedyAgent,RandomAgent,0
427,427,18,61,1,4,69,RandomAgent,GreedyAgent,1
428,428,87,0,0,6,108,GreedyAgent,RandomAgent,0
429,429,14,64,1,4,70,RandomAgent,GreedyAgent,1
430,430,91,18,0,5,103,GreedyAgent,RandomAgent,0
431,431,22,69,1,6,97,RandomAgent,GreedyAgent,1
432,432,73,36,0,6,114,GreedyAgent,RandomAgent,0
433,433,30,52,1,5,96,RandomAgent,GreedyAgent,1
434,434,106,3,0,7,111,GreedyAgent,RandomAgent,0
435,435,19,92,1,6,122,RandomAgent,GreedyAgent,1
436,436,57,22,0,6,107,GreedyAgent,RandomAgent,0
437,437,14,73,1,5,92,RandomAgent,GreedyAgent,1
438,438,70,28,0,5,91,GreedyAgent,RandomAgent,0
439,439,17,97,1,6,99,RandomAgent,GreedyAgent,1
440,440,77,0,0,5,78,GreedyAgent,RandomAgent,0
441,441,30,98,1,7,127,RandomAgent,GreedyAgent,1
442,442,97,0,0,8,147,GreedyAgent,RandomAgent,0
443,443,11,83,1,5,87,RandomAgent,GreedyAgent,1
444,444,57,26,0,4,77,GreedyAgent,RandomAgent,0
445,445,16,61,1,4,80,RandomAgent,GreedyAgent,1
446,446,59,3,0,5,87,GreedyAgent,RandomAgent,0
447,447,20,84,1,6,106,RandomAgent,GreedyAgent,1
448,448,83,21,0,5,84,GreedyAgent,RandomAgent,0
449,449,8,85,1,6,108,RandomAgent,GreedyAgent,1
450,450,94,6,0,6,108,GreedyAgent,RandomAgent,0
451,451,18,100,1,6,107,RandomAgent,GreedyAgent,1
452,452,69,21,0,6,108,GreedyAgent,RandomAgent,0
453,453,5,72,1,6,112,RandomAgent,GreedyAgent,1
454,454,87,7,0,5,85,GreedyAgent,RandomAgent,0
455,455,20,103,1,7,130,RandomAgent,GreedyAgent,1
456,456,95,5,0,5,87,GreedyAgent,RandomAgent,0
457,457,21,84,1,6,120,RandomAgent,GreedyAgent,1
458,458,80,26,0,6,114,GreedyAgent,RandomAgent,0
459,459,15,74,1,4,78,RandomAgent,GreedyAgent,1
460,460,81,18,0,5,99,GreedyAgent,RandomAgent,0
461,461,1,115,1,6,122,RandomAgent,GreedyAgent,1
462,462,117,5,0,7,133,GreedyAgent,RandomAgent,0
463,463,31,90,1,6,102,RandomAgent,GreedyAgent,1
464,464,68,1,0,5,94,GreedyAgent,RandomAgent,0
465,465,20,88,1,6,113,RandomAgent,GreedyAgent,1
466,466,100,15,0,7,119,GreedyAgent,RandomAgent,0
467,467,22,64,1,5,83,RandomAgent,GreedyAgent,1
468,468,73,38,0,7,125,GreedyAgent,RandomAgent,0
469,469,11,76,1,5,98,RandomAgent,GreedyAgent,1
470,470,84,18,0,6,106,GreedyAgent,RandomAgent,0
471,471,1,68,1,4,70,RandomAgent,GreedyAgent,1
472,472,64,21,0,5,96,GreedyAgent,RandomAgent,0
473,473,17,63,1,5,102,RandomAgent,GreedyAgent,1
474,474,100,11,0,7,137,GreedyAgent,RandomAgent,0
475,475,16,117,1,8,144,RandomAgent,GreedyAgent,1
476,476,106,0,0,6,109,GreedyAgent,RandomAgent,0
477,477,16,88,1,6,97,RandomAgent,GreedyAgent,1
478,478,65,36,0,5,87,GreedyAgent,RandomAgent,0
479,479,25,59,1,4,66,RandomAgent,GreedyAgent,1
480,480,66,9,0,4,58,GreedyAgent,RandomAgent,0
481,481,22,92,1,7,122,RandomAgent,GreedyAgent,1
482,482,51,18,0,4,67,GreedyAgent,RandomAgent,0
483,483,20,86,1,5,98,RandomAgent,GreedyAgent,1
484,484,66,31,0,6,109,GreedyAgent,RandomAgent,0
485,485,37,64,1,5,88,RandomAgent,GreedyAgent,1
486,486,67,24,0,5,76,GreedyAgent,RandomAgent,0
487,487,29,81,1,7,136,RandomAgent,GreedyAgent,1
488,488,93,16,0,6,118,GreedyAgent,RandomAgent,0
489,489,5,107,1,6,116,RandomAgent,GreedyAgent,1
490,490,58,22,0,6,111,GreedyAgent,RandomAgent,0
491,491,20,49,1,6,116,RandomAgent,GreedyAgent,1
492,492,88,8,0,5,105,GreedyAgent,RandomAgent,0
493,493,13,82,1,5,98,RandomAgent,GreedyAgent,1
494,494,65,9,0,5,109,GreedyAgent,RandomAgent,0
495,495,22,49,1,4,62,RandomAgent,GreedyAgent,1
496,496,27,20,0,4,63,GreedyAgent,RandomAgent,0
497,497,22,57,1,5,92,RandomAgent,GreedyAgent,1
498,498,52,39,0,5,101,GreedyAgent,RandomAgent,0
499,499,28,59,1,6,117,RandomAgent,GreedyAgent,1
500,500,68,30,0,5,95,GreedyAgent,RandomAgent,0
501,501,5,87,1,7,130,RandomAgent,GreedyAgent,1
502,502,74,13,0,5,83,GreedyAgent,RandomAgent,0
503,503,22,99,1,7,124,RandomAgent,GreedyAgent,1
504,504,63,38,0,6,103,GreedyAgent,RandomAgent,0
505,505,18,78,1,6,106,RandomAgent,GreedyAgent,1
506,506,65,24,0,5,85,GreedyAgent,RandomAgent,0
507,507,14,65,1,4,72,RandomAgent,GreedyAgent,1
508,508,56,19,0,4,67,GreedyAgent,RandomAgent,0
509,509,31,77,1,6,110,RandomAgent,GreedyAgent,1
510,510,57,18,0,5,74,GreedyAgent,RandomAgent,0
511,511,30,87,1,7,143,RandomAgent,GreedyAgent,1
512,512,79,25,0,7,137,GreedyAgent,RandomAgent,0
513,513,38,63,1,7,115,RandomAgent,GreedyAgent,1
514,514,80,21,0,6,102,GreedyAgent,RandomAgent,0
515,515,3,83,1,5,87,RandomAgent,GreedyAgent,1
516,516,84,29,0,6,113,GreedyAgent,RandomAgent,0
517,517,21,52,1,4,72,RandomAgent,GreedyAgent,1
518,518,105,26,0,7,123,GreedyAgent,RandomAgent,0
519,519,6,50,1,3,69,RandomAgent,GreedyAgent,1
520,520,98,4,0,6,115,GreedyAgent,RandomAgent,0
521,521,12,69,1,5,93,RandomAgent,GreedyAgent,1
522,522,57,13,0,5,86,GreedyAgent,RandomAgent,0
523,523,8,73,1,5,77,RandomAgent,GreedyAgent,1
524,524,50,19,0,5,90,GreedyAgent,RandomAgent,0
525,525,14,95,1,6,118,RandomAgent,GreedyAgent,1
526,526,50,30,0,5,91,GreedyAgent,RandomAgent,0
527,527,17,83,1,5,92,RandomAgent,GreedyAgent,1
528,528,76,0,0,4,76,GreedyAgent,RandomAgent,0
529,529,18,82,1,5,96,RandomAgent,GreedyAgent,1
530,530,126,25,0,8,141,GreedyAgent,RandomAgent,0
531,531,37,71,1,7,121,RandomAgent,GreedyAgent,1
532,532,34,35,1,5,111,GreedyAgent,RandomAgent,0
533,533,12,87,1,6,105,RandomAgent,GreedyAgent,1
534,534,88,20,0,7,135,GreedyAgent,RandomAgent,0
535,535,41,84,1,6,108,RandomAgent,GreedyAgent,1
536,536,82,8,0,4,77,GreedyAgent,RandomAgent,0
537,537,12,65,1,4,74,RandomAgent,GreedyAgent,1
538,538,82,21,0,6,112,GreedyAgent,RandomAgent,0
539,539,12,101,1,6,112,RandomAgent,GreedyAgent,1
540,540,81,9,0,5,105,GreedyAgent,RandomAgent,0
541,541,27,50,1,5,86,RandomAgent,GreedyAgent,1
542,542,104,15,0,8,133,GreedyAgent,RandomAgent,0
543,543,17,68,1,6,102,RandomAgent,GreedyAgent,1
544,544,97,13,0,5,103,GreedyAgent,RandomAgent,0
545,545,9,94,1,6,116,RandomAgent,GreedyAgent,1
546,546,85,25,0,5,89,GreedyAgent,RandomAgent,0
547,547,30,83,1,7,115,RandomAgent,GreedyAgent,1
548,548,67,17,0,5,99,GreedyAgent,RandomAgent,0
549,549,9,108,1,7,141,RandomAgent,GreedyAgent,1
550,550,85,21,0,6,96,GreedyAgent,RandomAgent,0
551,551,16,80,1,5,106,RandomAgent,GreedyAgent,1
552,552,67,13,0,4,62,GreedyAgent,RandomAgent,0
553,553,20,102,1,8,144,RandomAgent,GreedyAgent,1
554,554,48,48,tie,6,109,GreedyAgent,RandomAgent,0
555,555,18,98,1,8,145,RandomAgent,GreedyAgent,1
556,556,54,18,0,3,60,GreedyAgent,RandomAgent,0
557,557,37,45,1,4,75,RandomAgent,GreedyAgent,1
558,558,83,18,0,6,110,GreedyAgent,RandomAgent,0
559,559,16,70,1,4,81,RandomAgent,GreedyAgent,1
560,560,66,20,0,5,89,GreedyAgent,RandomAgent,0
561,561,8,67,1,5,93,RandomAgent,GreedyAgent,1
562,562,44,14,0,4,73,GreedyAgent,RandomAgent,0
563,563,10,85,1,5,90,RandomAgent,GreedyAgent,1
564,564,82,9,0,5,93,GreedyAgent,RandomAgent,0
565,565,22,58,1,5,93,RandomAgent,GreedyAgent,1
566,566,55,34,0,6,103,GreedyAgent,RandomAgent,0
567,567,28,86,1,6,106,RandomAgent,GreedyAgent,1
568,568,86,15,0,6,102,GreedyAgent,RandomAgent,0
569,569,5,92,1,5,87,RandomAgent,GreedyAgent,1
570,570,71,4,0,4,75,GreedyAgent,RandomAgent,0
571,571,16,84,1,5,99,RandomAgent,GreedyAgent,1
572,572,97,22,0,6,115,GreedyAgent,RandomAgent,0
573,573,0,80,1,5,94,RandomAgent,GreedyAgent,1
574,574,57,16,0,5,75,GreedyAgent,RandomAgent,0
575,575,0,84,1,5,101,RandomAgent,GreedyAgent,1
576,576,48,17,0,4,73,GreedyAgent,RandomAgent,0
577,577,11,89,1,5,88,RandomAgent,GreedyAgent,1
578,578,67,22,0,4,85,GreedyAgent,RandomAgent,0
579,579,16,87,1,6,124,RandomAgent,GreedyAgent,1
580,580,96,8,0,6,97,GreedyAgent,RandomAgent,0
581,581,11,101,1,7,130,RandomAgent,GreedyAgent,1
582,582,100,17,0,6,103,GreedyAgent,RandomAgent,0
583,583,39,65,1,6,115,RandomAgent,GreedyAgent,1
584,584,43,26,0,3,63,GreedyAgent,RandomAgent,0
585,585,22,92,1,7,141,RandomAgent,GreedyAgent,1
586,586,107,31,0,7,115,GreedyAgent,RandomAgent,0
587,587,6,69,1,4,80,RandomAgent,GreedyAgent,1
588,588,76,34,0,6,109,GreedyAgent,RandomAgent,0
589,589,4,92,1,5,96,RandomAgent,GreedyAgent,1
590,590,106,9,0,7,125,GreedyAgent,RandomAgent,0
591,591,0,106,1,6,105,RandomAgent,GreedyAgent,1
592,592,88,17,0,6,98,GreedyAgent,RandomAgent,0
593,593,5,106,1,6,134,RandomAgent,GreedyAgent,1
594,594,87,8,0,5,97,GreedyAgent,RandomAgent,0
595,595,3,90,1,5,84,RandomAgent,GreedyAgent,1
596,596,81,14,0,5,95,GreedyAgent,RandomAgent,0
597,597,14,87,1,5,92,RandomAgent,GreedyAgent,1
598,598,67,4,0,5,80,GreedyAgent,RandomAgent,0
599,599,22,74,1,7,128,RandomAgent,GreedyAgent,1
600,600,81,21,0,5,93,GreedyAgent,RandomAgent,0
601,601,15,63,1,4,63,RandomAgent,GreedyAgent,1
602,602,70,25,0,5,91,GreedyAgent,RandomAgent,0
603,603,27,101,1,7,127,RandomAgent,GreedyAgent,1
604,604,52,26,0,4,82,GreedyAgent,RandomAgent,0
605,605,23,67,1,4,72,RandomAgent,GreedyAgent,1
606,606,70,17,0,5,90,GreedyAgent,RandomAgent,0
607,607,13,98,1,7,130,RandomAgent,GreedyAgent,1
608,608,66,11,0,5,82,GreedyAgent,RandomAgent,0
609,609,14,109,1,7,137,RandomAgent,GreedyAgent,1
610,610,83,22,0,7,130,GreedyAgent,RandomAgent,0
611,611,34,78,1,6,97,RandomAgent,GreedyAgent,1
612,612,96,7,0,6,113,GreedyAgent,RandomAgent,0
613,613,10,72,1,5,80,RandomAgent,GreedyAgent,1
614,614,81,21,0,7,117,GreedyAgent,RandomAgent,0
615,615,21,70,1,5,94,RandomAgent,GreedyAgent,1
616,616,62,46,0,6,109,GreedyAgent,RandomAgent,0
617,617,1,90,1,5,99,RandomAgent,GreedyAgent,1
618,618,117,26,0,8,127,GreedyAgent,RandomAgent,0
619,619,32,69,1,6,108,RandomAgent,GreedyAgent,1
620,620,88,16,0,6,105,GreedyAgent,RandomAgent,0
621,621,18,89,1,6,92,RandomAgent,GreedyAgent,1
622,622,97,17,0,6,105,GreedyAgent,RandomAgent,0
623,623,5,77,1,5,88,RandomAgent,GreedyAgent,1
624,624,81,10,0,6,102,GreedyAgent,RandomAgent,0
625,625,14,57,1,4,87,RandomAgent,GreedyAgent,1
626,626,63,16,0,4,83,GreedyAgent,RandomAgent,0
627,627,9,107,1,6,110,RandomAgent,GreedyAgent,1
628,628,94,13,0,6,107,GreedyAgent,RandomAgent,0
629,629,26,61,1,5,83,RandomAgent,GreedyAgent,1
630,630,58,22,0,5,88,GreedyAgent,RandomAgent,0
631,631,7,106,1,6,114,RandomAgent,GreedyAgent,1
632,632,79,9,0,6,98,GreedyAgent,RandomAgent,0
633,633,1,87,1,6,114,RandomAgent,GreedyAgent,1
634,634,107,22,0,7,129,GreedyAgent,RandomAgent,0
635,635,10,75,1,5,85,RandomAgent,GreedyAgent,1
636,636,92,14,0,6,99,GreedyAgent,RandomAgent,0
637,637,22,54,1,5,100,RandomAgent,GreedyAgent,1
638,638,43,29,0,5,85,GreedyAgent,RandomAgent,0
639,639,17,88,1,7,140,RandomAgent,GreedyAgent,1
640,640,79,5,0,5,101,GreedyAgent,RandomAgent,0
641,641,28,82,1,7,144,RandomAgent,GreedyAgent,1
642,642,79,18,0,5,73,GreedyAgent,RandomAgent,0
643,643,25,84,1,6,118,RandomAgent,GreedyAgent,1
644,644,107,25,0,8,144,GreedyAgent,RandomAgent,0
645,645,10,70,1,4,73,RandomAgent,GreedyAgent,1
646,646,87,0,0,6,113,GreedyAgent,RandomAgent,0
647,647,7,109,1,6,121,RandomAgent,GreedyAgent,1
648,648,104,15,0,7,119,GreedyAgent,RandomAgent,0
649,649,4,114,1,6,120,RandomAgent,GreedyAgent,1
650,650,107,23,0,6,103,GreedyAgent,RandomAgent,0
651,651,23,91,1,7,142,RandomAgent,GreedyAgent,1
652,652,112,9,0,6,117,GreedyAgent,RandomAgent,0
653,653,16,62,1,6,107,RandomAgent,GreedyAgent,1
654,654,54,28,0,5,85,GreedyAgent,RandomAgent,0
655,655,25,65,1,6,107,RandomAgent,GreedyAgent,1
656,656,79,18,0,5,93,GreedyAgent,RandomAgent,0
657,657,6,85,1,5,88,RandomAgent,GreedyAgent,1
658,658,59,8,0,4,60,GreedyAgent,RandomAgent,0
659,659,7,66,1,4,92,RandomAgent,GreedyAgent,1
660,660,73,0,0,4,68,GreedyAgent,RandomAgent,0
661,661,13,85,1,5,84,RandomAgent,GreedyAgent,1
662,662,62,17,0,5,94,GreedyAgent,RandomAgent,0
663,663,27,61,1,5,102,RandomAgent,GreedyAgent,1
664,664,75,21,0,5,93,GreedyAgent,RandomAgent,0
665,665,6,79,1,5,94,RandomAgent,GreedyAgent,1
666,666,86,16,0,7,131,GreedyAgent,RandomAgent,0
667,667,30,99,1,7,116,RandomAgent,GreedyAgent,1
668,668,92,17,0,6,113,GreedyAgent,RandomAgent,0
669,669,19,48,1,4,67,RandomAgent,GreedyAgent,1
670,670,84,10,0,6,113,GreedyAgent,RandomAgent,0
671,671,14,80,1,5,77,RandomAgent,GreedyAgent,1
672,672,63,6,0,5,87,GreedyAgent,RandomAgent,0
673,673,21,65,1,5,86,RandomAgent,GreedyAgent,1
674,674,42,32,0,6,94,GreedyAgent,RandomAgent,0
675,675,34,65,1,6,92,RandomAgent,GreedyAgent,1
676,676,63,26,0,5,93,GreedyAgent,RandomAgent,0
677,677,18,79,1,5,98,RandomAgent,GreedyAgent,1
678,678,48,32,0,4,76,GreedyAgent,RandomAgent,0
679,679,19,83,1,5,105,RandomAgent,GreedyAgent,1
680,680,61,1,0,5,97,GreedyAgent,RandomAgent,0
681,681,9,69,1,5,97,RandomAgent,GreedyAgent,1
682,682,97,15,0,7,139,GreedyAgent,RandomAgent,0
683,683,42,64,1,6,101,RandomAgent,GreedyAgent,1
684,684,107,9,0,7,128,GreedyAgent,RandomAgent,0
685,685,13,85,1,5,94,RandomAgent,GreedyAgent,1
686,686,72,30,0,6,111,GreedyAgent,RandomAgent,0
687,687,20,73,1,5,101,RandomAgent,GreedyAgent,1
688,688,85,13,0,7,122,GreedyAgent,RandomAgent,0
689,689,8,108,1,6,129,RandomAgent,GreedyAgent,1
690,690,71,11,0,5,82,GreedyAgent,RandomAgent,0
691,691,8,89,1,5,78,RandomAgent,GreedyAgent,1
692,692,68,16,0,4,73,GreedyAgent,RandomAgent,0
693,693,18,49,1,5,85,RandomAgent,GreedyAgent,1
694,694,89,21,0,6,105,GreedyAgent,RandomAgent,0
695,695,6,77,1,4,72,RandomAgent,GreedyAgent,1
696,696,86,4,0,5,92,GreedyAgent,RandomAgent,0
697,697,4,112,1,6,115,RandomAgent,GreedyAgent,1
698,698,80,25,0,5,85,GreedyAgent,RandomAgent,0
699,699,32,67,1,5,99,RandomAgent,GreedyAgent,1
700,700,100,0,0,6,103,GreedyAgent,RandomAgent,0
701,701,3,65,1,5,94,RandomAgent,GreedyAgent,1
702,702,76,2,0,5,80,GreedyAgent,RandomAgent,0
703,703,7,78,1,5,87,RandomAgent,GreedyAgent,1
704,704,62,10,0,5,90,GreedyAgent,RandomAgent,0
705,705,12,71,1,5,94,RandomAgent,GreedyAgent,1
706,706,86,17,0,6,97,GreedyAgent,RandomAgent,0
707,707,21,87,1,6,106,RandomAgent,GreedyAgent,1
708,708,90,4,0,5,87,GreedyAgent,RandomAgent,0
709,709,8,114,1,7,149,RandomAgent,GreedyAgent,1
710,710,72,9,0,4,77,GreedyAgent,RandomAgent,0
711,711,36,79,1,6,104,RandomAgent,GreedyAgent,1
712,712,45,14,0,5,76,GreedyAgent,RandomAgent,0
713,713,31,76,1,6,95,RandomAgent,GreedyAgent,1
714,714,95,31,0,6,103,GreedyAgent,RandomAgent,0
715,715,16,85,1,6,110,RandomAgent,GreedyAgent,1
716,716,105,8,0,6,125,GreedyAgent,RandomAgent,0
717,717,36,91,1,6,104,RandomAgent,GreedyAgent,1
718,718,97,5,0,5,99,GreedyAgent,RandomAgent,0
719,719,2,64,1,4,77,RandomAgent,GreedyAgent,1
720,720,86,21,0,6,90,GreedyAgent,RandomAgent,0
721,721,13,110,1,7,131,RandomAgent,GreedyAgent,1
722,722,55,14,0,5,88,GreedyAgent,RandomAgent,0
723,723,20,56,1,5,91,RandomAgent,GreedyAgent,1
724,724,126,6,0,7,117,GreedyAgent,RandomAgent,0
725,725,13,71,1,4,75,RandomAgent,GreedyAgent,1
726,726,84,35,0,7,125,GreedyAgent,RandomAgent,0
727,727,28,96,1,7,128,RandomAgent,GreedyAgent,1
728,728,62,0,0,3,60,GreedyAgent,RandomAgent,0
729,729,16,77,1,4,78,RandomAgent,GreedyAgent,1
730,730,92,0,0,6,109,GreedyAgent,RandomAgent,0
731,731,16,124,1,7,135,RandomAgent,GreedyAgent,1
732,732,107,10,0,6,113,GreedyAgent,RandomAgent,0
733,733,24,83,1,6,97,RandomAgent,GreedyAgent,1
734,734,92,16,0,7,129,GreedyAgent,RandomAgent,0
735,735,4,88,1,5,86,RandomAgent,GreedyAgent,1
736,736,85,6,0,6,96,GreedyAgent,RandomAgent,0
737,737,34,80,1,7,125,RandomAgent,GreedyAgent,1
738,738,93,26,0,6,119,GreedyAgent,RandomAgent,0
739,739,15,55,1,3,66,RandomAgent,GreedyAgent,1
740,740,57,12,0,5,80,GreedyAgent,RandomAgent,0
741,741,20,109,1,7,134,RandomAgent,GreedyAgent,1
742,742,77,49,0,6,98,GreedyAgent,RandomAgent,0
743,743,20,96,1,7,112,RandomAgent,GreedyAgent,1
744,744,127,4,0,7,127,GreedyAgent,RandomAgent,0
745,745,6,83,1,4,81,RandomAgent,GreedyAgent,1
746,746,82,23,0,5,97,GreedyAgent,RandomAgent,0
747,747,21,74,1,5,97,RandomAgent,GreedyAgent,1
748,748,56,5,0,3,61,GreedyAgent,RandomAgent,0
749,749,22,111,1,7,126,RandomAgent,GreedyAgent,1
750,750,91,12,0,6,107,GreedyAgent,RandomAgent,0
751,751,8,85,1,5,98,RandomAgent,GreedyAgent,1
752,752,75,9,0,5,105,GreedyAgent,RandomAgent,0
753,753,6,70,1,5,81,RandomAgent,GreedyAgent,1
754,754,69,27,0,4,69,GreedyAgent,RandomAgent,0
755,755,14,48,1,4,68,RandomAgent,GreedyAgent,1
756,756,52,9,0,5,89,GreedyAgent,RandomAgent,0
757,757,29,54,1,4,79,RandomAgent,GreedyAgent,1
758,758,73,18,0,5,72,GreedyAgent,RandomAgent,0
759,759,25,103,1,8,149,RandomAgent,GreedyAgent,1
760,760,73,18,0,5,99,GreedyAgent,RandomAgent,0
761,761,14,62,1,3,60,RandomAgent,GreedyAgent,1
762,762,82,9,0,5,81,GreedyAgent,RandomAgent,0
763,763,34,43,1,5,91,RandomAgent,GreedyAgent,1
764,764,47,30,0,5,95,GreedyAgent,RandomAgent,0
765,765,19,75,1,5,86,RandomAgent,GreedyAgent,1
766,766,72,13,0,6,104,GreedyAgent,RandomAgent,0
767,767,17,90,1,5,88,RandomAgent,GreedyAgent,1
768,768,59,19,0,4,72,GreedyAgent,RandomAgent,0
769,769,4,59,1,4,78,RandomAgent,GreedyAgent,1
770,770,73,27,0,6,108,GreedyAgent,RandomAgent,0
771,771,15,72,1,6,108,RandomAgent,GreedyAgent,1
772,772,76,29,0,5,80,GreedyAgent,RandomAgent,0
773,773,17,91,1,6,95,RandomAgent,GreedyAgent,1
774,774,83,20,0,6,113,GreedyAgent,RandomAgent,0
775,775,1,84,1,5,95,RandomAgent,GreedyAgent,1
776,776,39,6,0,4,56,GreedyAgent,RandomAgent,0
777,777,26,67,1,5,84,RandomAgent,GreedyAgent,1
778,778,95,0,0,6,117,GreedyAgent,RandomAgent,0
779,779,15,77,1,5,96,RandomAgent,GreedyAgent,1
780,780,86,18,0,6,112,GreedyAgent,RandomAgent,0
781,781,34,50,1,6,105,RandomAgent,GreedyAgent,1
782,782,75,28,0,5,96,GreedyAgent,RandomAgent,0
783,783,21,52,1,4,70,RandomAgent,GreedyAgent,1
784,784,63,22,0,5,86,GreedyAgent,RandomAgent,0
785,785,23,76,1,7,120,RandomAgent,GreedyAgent,1
786,786,85,14,0,6,128,GreedyAgent,RandomAgent,0
787,787,7,77,1,4,82,RandomAgent,GreedyAgent,1
788,788,59,30,0,5,83,GreedyAgent,RandomAgent,0
789,789,4,93,1,5,90,RandomAgent,GreedyAgent,1
790,790,85,4,0,6,115,GreedyAgent,RandomAgent,0
791,791,0,79,1,4,76,RandomAgent,GreedyAgent,1
792,792,82,16,0,5,97,GreedyAgent,RandomAgent,0
793,793,22,78,1,5,106,RandomAgent,GreedyAgent,1
794,794,78,8,0,6,111,GreedyAgent,RandomAgent,0
795,795,21,91,1,6,110,RandomAgent,GreedyAgent,1
796,796,107,0,0,7,116,GreedyAgent,RandomAgent,0
797,797,8,82,1,5,90,RandomAgent,GreedyAgent,1
798,798,66,24,0,5,84,GreedyAgent,RandomAgent,0
799,799,13,68,1,5,77,RandomAgent,GreedyAgent,1
800,800,62,6,0,4,81,GreedyAgent,RandomAgent,0
801,801,36,57,1,4,78,RandomAgent,GreedyAgent,1
802,802,77,13,0,5,98,GreedyAgent,RandomAgent,0
803,803,19,101,1,7,136,RandomAgent,GreedyAgent,1
804,804,55,24,0,4,73,GreedyAgent,RandomAgent,0
805,805,4,97,1,6,111,RandomAgent,GreedyAgent,1
806,806,90,23,0,6,111,GreedyAgent,RandomAgent,0
807,807,34,42,1,4,72,RandomAgent,GreedyAgent,1
808,808,81,29,0,6,104,GreedyAgent,RandomAgent,0
809,809,4,66,1,4,73,RandomAgent,GreedyAgent,1
810,810,81,13,0,6,118,GreedyAgent,RandomAgent,0
811,811,28,67,1,5,78,RandomAgent,GreedyAgent,1
812,812,81,7,0,5,99,GreedyAgent,RandomAgent,0
813,813,14,95,1,8,133,RandomAgent,GreedyAgent,1
814,814,71,32,0,5,94,GreedyAgent,RandomAgent,0
815,815,12,92,1,6,113,RandomAgent,GreedyAgent,1
816,816,79,31,0,6,108,GreedyAgent,RandomAgent,0
817,817,24,97,1,7,136,RandomAgent,GreedyAgent,1
818,818,85,4,0,4,78,GreedyAgent,RandomAgent,0
819,819,0,82,1,5,98,RandomAgent,GreedyAgent,1
820,820,76,21,0,6,97,GreedyAgent,RandomAgent,0
821,821,29,56,1,4,74,RandomAgent,GreedyAgent,1
822,822,81,10,0,6,113,GreedyAgent,RandomAgent,0
823,823,16,63,1,4,78,RandomAgent,GreedyAgent,1
824,824,81,14,0,7,123,GreedyAgent,RandomAgent,0
825,825,12,81,1,5,95,RandomAgent,GreedyAgent,1
826,826,72,22,0,5,76,GreedyAgent,RandomAgent,0
827,827,35,78,1,7,146,RandomAgent,GreedyAgent,1
828,828,90,11,0,6,99,GreedyAgent,RandomAgent,0
829,829,33,63,1,6,106,RandomAgent,GreedyAgent,1
830,830,75,17,0,5,91,GreedyAgent,RandomAgent,0
831,831,35,83,1,6,108,RandomAgent,GreedyAgent,1
832,832,50,25,0,4,74,GreedyAgent,RandomAgent,0
833,833,27,74,1,6,111,RandomAgent,GreedyAgent,1
834,834,94,13,0,5,111,GreedyAgent,RandomAgent,0
835,835,0,95,1,6,106,RandomAgent,GreedyAgent,1
836,836,83,20,0,6,119,GreedyAgent,RandomAgent,0
837,837,0,79,1,5,100,RandomAgent,GreedyAgent,1
838,838,54,24,0,4,73,GreedyAgent,RandomAgent,0
839,839,9,90,1,5,82,RandomAgent,GreedyAgent,1
840,840,127,0,0,7,133,GreedyAgent,RandomAgent,0
841,841,18,59,1,4,69,RandomAgent,GreedyAgent,1
842,842,70,21,0,4,73,GreedyAgent,RandomAgent,0
843,843,12,81,1,6,103,RandomAgent,GreedyAgent,1
844,844,87,18,0,5,88,GreedyAgent,RandomAgent,0
845,845,3,88,1,5,102,RandomAgent,GreedyAgent,1
846,846,105,16,0,6,108,GreedyAgent,RandomAgent,0
847,847,17,63,1,4,83,RandomAgent,GreedyAgent,1
848,848,98,4,0,6,110,GreedyAgent,RandomAgent,0
849,849,17,65,1,4,62,RandomAgent,GreedyAgent,1
850,850,67,13,0,5,111,GreedyAgent,RandomAgent,0
851,851,0,116,1,7,124,RandomAgent,GreedyAgent,1
852,852,113,27,0,7,123,GreedyAgent,RandomAgent,0
853,853,26,82,1,6,102,RandomAgent,GreedyAgent,1
854,854,57,36,0,5,84,GreedyAgent,RandomAgent,0
855,855,21,81,1,7,124,RandomAgent,GreedyAgent,1
856,856,69,22,0,5,82,GreedyAgent,RandomAgent,0
857,857,16,82,1,6,108,RandomAgent,GreedyAgent,1
858,858,80,24,0,6,108,GreedyAgent,RandomAgent,0
859,859,23,68,1,4,83,RandomAgent,GreedyAgent,1
860,860,53,20,0,3,63,GreedyAgent,RandomAgent,0
861,861,4,95,1,6,114,RandomAgent,GreedyAgent,1
862,862,58,8,0,4,66,GreedyAgent,RandomAgent,0
863,863,0,94,1,5,108,RandomAgent,GreedyAgent,1
864,864,114,31,0,8,131,GreedyAgent,RandomAgent,0
865,865,16,74,1,4,72,RandomAgent,GreedyAgent,1
866,866,86,13,0,6,117,GreedyAgent,RandomAgent,0
867,867,25,68,1,6,102,RandomAgent,GreedyAgent,1
868,868,93,16,0,6,121,GreedyAgent,RandomAgent,0
869,869,16,73,1,5,85,RandomAgent,GreedyAgent,1
870,870,74,16,0,6,109,GreedyAgent,RandomAgent,0
871,871,35,48,1,5,76,RandomAgent,GreedyAgent,1
872,872,60,12,0,4,64,GreedyAgent,RandomAgent,0
873,873,21,84,1,7,121,RandomAgent,GreedyAgent,1
874,874,95,11,0,6,112,GreedyAgent,RandomAgent,0
875,875,39,81,1,6,96,RandomAgent,GreedyAgent,1
876,876,66,25,0,6,97,GreedyAgent,RandomAgent,0
877,877,10,96,1,6,109,RandomAgent,GreedyAgent,1
878,878,70,28,0,5,85,GreedyAgent,RandomAgent,0
879,879,13,73,1,5,92,RandomAgent,GreedyAgent,1
880,880,58,48,0,7,128,GreedyAgent,RandomAgent,0
881,881,4,101,1,6,128,RandomAgent,GreedyAgent,1
882,882,76,22,0,5,90,GreedyAgent,RandomAgent,0
883,883,39,55,1,5,93,RandomAgent,GreedyAgent,1
884,884,84,7,0,6,113,GreedyAgent,RandomAgent,0
885,885,19,47,1,7,113,RandomAgent,GreedyAgent,1
886,886,63,18,0,4,70,GreedyAgent,RandomAgent,0
887,887,26,57,1,7,111,RandomAgent,GreedyAgent,1
888,888,100,16,0,6,111,GreedyAgent,RandomAgent,0
889,889,10,103,1,6,109,RandomAgent,GreedyAgent,1
890,890,104,5,0,6,127,GreedyAgent,RandomAgent,0
891,891,10,70,1,4,83,RandomAgent,GreedyAgent,1
892,892,65,25,0,4,72,GreedyAgent,RandomAgent,0
893,893,28,113,1,9,172,RandomAgent,GreedyAgent,1
894,894,74,11,0,4,75,GreedyAgent,RandomAgent,0
895,895,17,85,1,6,122,RandomAgent,GreedyAgent,1
896,896,105,11,0,7,137,GreedyAgent,RandomAgent,0
897,897,25,64,1,6,107,RandomAgent,GreedyAgent,1
898,898,117,0,0,6,112,GreedyAgent,RandomAgent,0
899,899,4,82,1,7,119,RandomAgent,GreedyAgent,1
900,900,71,24,0,5,89,GreedyAgent,RandomAgent,0
901,901,32,82,1,5,86,RandomAgent,GreedyAgent,1
902,902,62,16,0,4,71,GreedyAgent,RandomAgent,0
903,903,0,111,1,7,138,RandomAgent,GreedyAgent,1
904,904,96,6,0,6,104,GreedyAgent,RandomAgent,0
905,905,19,72,1,5,81,RandomAgent,GreedyAgent,1
906,906,88,21,0,6,114,GreedyAgent,RandomAgent,0
907,907,22,53,1,5,92,RandomAgent,GreedyAgent,1
908,908,85,18,0,6,109,GreedyAgent,RandomAgent,0
909,909,9,76,1,4,72,RandomAgent,GreedyAgent,1
910,910,88,8,0,6,125,GreedyAgent,RandomAgent,0
911,911,29,69,1,5,92,RandomAgent,GreedyAgent,1
912,912,76,39,0,6,107,GreedyAgent,RandomAgent,0
913,913,0,86,1,6,105,RandomAgent,GreedyAgent,1
914,914,44,30,0,5,93,GreedyAgent,RandomAgent,0
915,915,49,58,1,6,101,RandomAgent,GreedyAgent,1
916,916,68,16,0,4,75,GreedyAgent,RandomAgent,0
917,917,0,116,1,7,125,RandomAgent,GreedyAgent,1
918,918,65,23,0,4,64,GreedyAgent,RandomAgent,0
919,919,5,59,1,4,81,RandomAgent,GreedyAgent,1
920,920,91,16,0,6,104,GreedyAgent,RandomAgent,0
921,921,19,63,1,4,78,RandomAgent,GreedyAgent,1
922,922,68,5,0,6,110,GreedyAgent,RandomAgent,0
923,923,14,78,1,5,98,RandomAgent,GreedyAgent,1
924,924,110,27,0,7,135,GreedyAgent,RandomAgent,0
925,925,11,54,1,5,108,RandomAgent,GreedyAgent,1
926,926,72,46,0,6,109,GreedyAgent,RandomAgent,0
927,927,13,102,1,6,108,RandomAgent,GreedyAgent,1
928,928,91,17,0,6,92,GreedyAgent,RandomAgent,0
929,929,2,58,1,3,70,RandomAgent,GreedyAgent,1
930,930,76,15,0,6,103,GreedyAgent,RandomAgent,0
931,931,12,78,1,5,83,RandomAgent,GreedyAgent,1
932,932,84,0,0,6,116,GreedyAgent,RandomAgent,0
933,933,27,49,1,4,82,RandomAgent,GreedyAgent,1
934,934,88,9,0,5,103,GreedyAgent,RandomAgent,0
935,935,5,90,1,7,136,RandomAgent,GreedyAgent,1
936,936,73,10,0,5,80,GreedyAgent,RandomAgent,0
937,937,19,46,1,4,66,RandomAgent,GreedyAgent,1
938,938,70,37,0,6,113,GreedyAgent,RandomAgent,0
939,939,10,106,1,6,115,RandomAgent,GreedyAgent,1
940,940,68,13,0,4,80,GreedyAgent,RandomAgent,0
941,941,0,63,1,4,73,RandomAgent,GreedyAgent,1
942,942,91,17,0,6,120,GreedyAgent,RandomAgent,0
943,943,28,77,1,5,95,RandomAgent,GreedyAgent,1
944,944,91,26,0,7,127,GreedyAgent,RandomAgent,0
945,945,30,75,1,6,115,RandomAgent,GreedyAgent,1
946,946,90,15,0,5,105,GreedyAgent,RandomAgent,0
947,947,21,84,1,6,114,RandomAgent,GreedyAgent,1
948,948,96,14,0,6,106,GreedyAgent,RandomAgent,0
949,949,14,81,1,5,83,RandomAgent,GreedyAgent,1
950,950,70,13,0,5,95,GreedyAgent,RandomAgent,0
951,951,0,111,1,6,126,RandomAgent,GreedyAgent,1
952,952,94,16,0,6,102,GreedyAgent,RandomAgent,0
953,953,24,70,1,6,100,RandomAgent,GreedyAgent,1
954,954,84,19,0,6,98,GreedyAgent,RandomAgent,0
955,955,14,65,1,4,84,RandomAgent,GreedyAgent,1
956,956,93,15,0,7,121,GreedyAgent,RandomAgent,0
957,957,8,68,1,5,90,RandomAgent,GreedyAgent,1
958,958,95,13,0,6,116,GreedyAgent,RandomAgent,0
959,959,8,102,1,6,110,RandomAgent,GreedyAgent,1
960,960,65,24,0,4,79,GreedyAgent,RandomAgent,0
961,961,15,76,1,5,86,RandomAgent,GreedyAgent,1
962,962,89,15,0,5,94,GreedyAgent,RandomAgent,0
963,963,36,36,tie,3,62,RandomAgent,GreedyAgent,1
964,964,71,4,0,4,85,GreedyAgent,RandomAgent,0
965,965,26,72,1,6,102,RandomAgent,GreedyAgent,1
966,966,71,14,0,6,102,GreedyAgent,RandomAgent,0
967,967,24,78,1,6,114,RandomAgent,GreedyAgent,1
968,968,96,15,0,7,108,GreedyAgent,RandomAgent,0
969,969,23,82,1,6,120,RandomAgent,GreedyAgent,1
970,970,73,6,0,4,82,GreedyAgent,RandomAgent,0
971,971,3,74,1,5,87,RandomAgent,GreedyAgent,1
972,972,56,23,0,5,92,GreedyAgent,RandomAgent,0
973,973,13,74,1,5,98,RandomAgent,GreedyAgent,1
974,974,86,19,0,5,85,GreedyAgent,RandomAgent,0
975,975,13,109,1,6,104,RandomAgent,GreedyAgent,1
976,976,84,9,0,5,89,GreedyAgent,RandomAgent,0
977,977,16,50,1,4,80,RandomAgent,GreedyAgent,1
978,978,109,8,0,7,117,GreedyAgent,RandomAgent,0
979,979,29,69,1,6,96,RandomAgent,GreedyAgent,1
980,980,77,18,0,6,104,GreedyAgent,RandomAgent,0
981,981,37,74,1,6,113,RandomAgent,GreedyAgent,1
982,982,91,6,0,6,113,GreedyAgent,RandomAgent,0
983,983,6,91,1,6,122,RandomAgent,GreedyAgent,1
984,984,85,10,0,5,84,GreedyAgent,RandomAgent,0
985,985,36,110,1,10,188,RandomAgent,GreedyAgent,1
986,986,69,14,0,5,105,GreedyAgent,RandomAgent,0
987,987,33,60,1,5,85,RandomAgent,GreedyAgent,1
988,988,75,18,0,5,90,GreedyAgent,RandomAgent,0
989,989,20,70,1,5,95,RandomAgent,GreedyAgent,1
990,990,70,15,0,4,71,GreedyAgent,RandomAgent,0
991,991,20,53,1,4,68,RandomAgent,GreedyAgent,1
992,992,57,24,0,4,77,GreedyAgent,RandomAgent,0
993,993,43,42,0,5,85,RandomAgent,GreedyAgent,1
994,994,97,7,0,6,117,GreedyAgent,RandomAgent,0
995,995,25,88,1,7,135,RandomAgent,GreedyAgent,1
996,996,103,9,0,6,105,GreedyAgent,RandomAgent,0
997,997,16,59,1,5,101,RandomAgent,GreedyAgent,1
998,998,65,34,0,5,93,GreedyAgent,RandomAgent,0
999,999,25,70,1,5,90,RandomAgent,GreedyAgent,1
